﻿text
"How you doing, man?"
I’m well.
"Well, first of all, thank you for doing this and looking forward to this, Mr. President."
The American people have a right to have a say in who the Supreme Court nominee is and that say occurs when they vote for United States Senators and when they vote for the President of United States. They’re not going to get that chance now because we’re in the middle of an election already. The election has already started. Tens of thousands of people already voted and so the thing that should happen is we should wait. We should wait and see what the outcome of this election is because that’s the only way the American people get to express their view is by who they elect as President and who they elect as Vice President.
"Now, what’s at stake here is the President’s made it clear, he wants to get rid of the Affordable Care Act. He’s been running on that, he ran on that and he’s been governing on that. He’s in the Supreme Court right now trying to get rid of the Affordable Care Act, which will strip 20 million people from having health insurance now, if it goes into court. And the justice, I’m not opposed to the justice, she seems like a very fine person. But she’s written, before she went in the bench, which is her right, that she thinks that the Affordable Care Act is not Constitutional. The other thing that’s on the court, and if it’s struck down, what happens? Women’s rights are fundamentally changed. Once again, a woman could pay more money because she has a pre-existing condition of pregnancy. They’re able to charge women more for the same exact procedure a man gets."
"And that ended when we, in fact, passed the Affordable Care Act, and there’s a hundred million people who have pre-existing conditions and they’ll be taken away as well. Those pre-existing conditions, insurance companies are going to love this. And so it’s just not appropriate to do this before this election. If he wins the election and the Senate is Republican, then he goes forward. If not, we should wait until February."
He’s elected to the next election.
That’s simply not true.
Open discussion.
"Number one, he knows what I proposed. What I proposed is that we expand Obamacare and we increase it. We do not wipe any. And one of the big debates we had with 23 of my colleagues trying to win the nomination that I won, were saying that Biden wanted to allow people to have private insurance still. They can. They do. They will under my proposal."
That is simply a lie.
"The party is me. Right now, I am the Democratic Party."
I am the Democratic Party right now.
"The platform of the Democratic Party is what I, in fact, approved of, what I approved of. Now, here’s the deal. The deal is that it’s going to wipe out pre-existing conditions. And, by the way, the 200,000 people that have died on his watch, how many of those have survived? Well, there’s seven million people that contracted COVID. What does it mean for them going forward if you strike down the Affordable Care Act?"
I’m happy to talk about this.
You’re not going to be able to shut him up.
"Let me finish. The point is that the President also is opposed to Roe V. Wade. That’s on the ballot as well and the court, in the court, and so that’s also at stake right now. And so the election is all-"
It’s on the ballot in the court.
In the court.
Donald would you just be quiet for a minute.
All right.
Good healthcare.
He has not done healthcare.
Yes.
It is not.
"It does not. It’s only for those people who are so poor they qualify for Medicaid they can get that free in most States, except Governors who want to deny people who are poor Medicaid. Anyone who qualifies for Medicaid would automatically be enrolled in the public option. The vast majority of the American people would still not be in that option. Number one. Number two."
"Look, hey."
I’m not going to listen to him. The fact of the matter is I beat Bernie Sanders.
I beat him by a whole hell of a lot.
"I’m here standing facing you, old buddy."
All he knows how to do-
Look he’s the deal. I got very lucky. I’m going to get very lucky tonight as well.
And tonight I’m going to make sure.
"Because here’s the deal, here’s the deal. The fact is that everything he’s saying so far is simply a lie. I’m not here to call out his lies. Everybody knows he’s a liar."
"God, I want to make sure-"
"No, he doesn’t know how to do that."
"The wrong guy, the wrong night, at the wrong time."
"There is no manifesto, number one."
Number two.
Number two.
"I’ll tell you what, he is not for any help for people needing healthcare."
"Because he, in fact, already has costs 10 million people their healthcare that they had from their employers because of his recession. Number one. Number two, there are 20 million people getting healthcare through Obamacare now that he wants to take it away. He won’t ever look you in the eye and say that’s what he wants to do. Take it away."
He doesn’t know how. He doesn’t know how to do that.
He has never offered a plan.
He has no plan for healthcare.
"He sends out wishful thinking. He has Executive Orders that have no power. He hasn’t lowered drug costs for anybody. He’s been promising a healthcare plan since he got elected. He has none, like almost everything else he talks about. He does not have a plan. He doesn’t have a plan. And the fact is this man doesn’t know what he’s talking about. [crosstalk 00:17:14]."
Sure.
"Whatever position I take on that, that’ll become the issue. The issue is the American people should speak. You should go out and vote. You’re voting now. Vote and let your Senators know strongly how you feel."
Vote now.
"Make sure you, in fact, let people know, your Senators."
I’m not going to answer the question.
"Will you shut up, man?"
This is so un-Presidential.
"That was really a productive segment, wasn’t it? Keep yapping, man."
They sure do.
"Good luck. 200,000 dead. As you said, over seven million infected in the United States. We, in fact, have 4% of the world’s population, 20% of the deaths. 40,000 people a day are contracting COVID. In addition to that, about between 750 and 1000 people a day are dying. When he was presented with that number, he said, “It is what it is.” Well, it is what it is because you are who you are. That’s why it is. The President has no plan. He hasn’t laid out anything. He knew all the way back in February how serious this crisis was. He knew it was a deadly disease. What did he do? He’s on tape as acknowledging he knew it. He said he didn’t tell us or give people a warning of it because he didn’t want to panic the American people. You don’t panic. He panicked. In addition to that, what did he do?"
He went in and we were insisting that the people we had in the ground in China should be able to go to Wuhan and determine for themselves how dangerous this was. He did not even ask Xi to do that.
He told us what a great job Xi was doing. He said we owe him debt of gratitude for being so transparent with us. And what did he do then? He then did nothing. He waited and waited and waited. He still doesn’t have a plan.
"I laid out back in March, exactly what we should be doing. And I laid out again in July, what we should be doing. We should be providing all the protective gear possible. We should be providing the money the House has passed in order to be able to go out and get people the help they need to keep their businesses open. Open schools cost a lot of money. You should get out of your bunker and get out of the sand trap in your golf course and go in the Oval Office and bring together the Democrats and Republicans and fund what needs to be done now to save lives."
I know how to do the job. I know how to get the job done.
"14,000 people died, not 200,000."
"And there was no one … We didn’t shut down the economy. This is his economy he shut down. The reason it’s shut down is because, look, you folks at home. How many of you got up this morning and had an empty chair at the kitchen table because someone died of COVID? How many of you are in a situation where you lost your mom or dad and you couldn’t even speak to them, you had a nurse holding a phone up so you could in fact say goodbye?"
"His own CDC Director says we could lose as many as another 200,000 people between now and the end of the year. And he said, if we just wear a mask, we can save half those numbers. Just a mask. And by the way, in terms of the whole notion of a vaccine, we’re for a vaccine, but I don’t trust him at all. Nor do you. I know you don’t. What we trust is a scientist."
God.
This is the same man who told you-
"by Easter, this would be gone away. By the warm weather, it'd be gone. Miraculous, like a miracle. And by the way, maybe you could inject some bleach in your arm, and that would take care of it. This is the same man."
"So here's the deal. This man is talking about a vaccine. Every serious company is talking about maybe having a vaccine done by the end of the year, but the distribution of that vaccine will not occur until sometime beginning of the middle of next year to get it out, if we get the vaccine. And pray God we will. Pray God we will."
No more than the question you just asked him. You pointed out he puts pressure and disagrees with his own scientists.
Everybody knows-
"Well, no, no. You can trust the scientist. She didn't say that. You can trust the-"
"Yes. Well, that's what he's going to try to do, but there's thousands of scientists out there, like here at this great hospital that don't work for him. Their job doesn't depend on him. They're the people And by the way-"
By the way-
"Do you believe for a moment what he's telling you in light of all the lies he's told you about the whole issue relating to COVID? He still hasn't even acknowledged that he knew this was happening, knew how dangerous it was going to be back in February, and he didn't even tell you. He's on record as saying it. He panicked or he just looked at the stock market. One of the two. Because guess what? A lot of people died and a lot more are going to die unless he gets a lot smarter, a lot quicker-"
"Oh, give me a break."
"Well, let's have this debate-"
"Because he doesn't have a plan. If I were running it, I'd know what the plan is. You've got to provide these businesses the ability to have the money to be able to reopen with the PPE, as well as with the sanitation they need. You have to provide them classic-"
Will he just shush for a minute?
"Nancy Pelosi and Schumer, they have a plan. He won't even meet with them. The Republicans won't meet in the Senate. He sits in his golf course. Well, I mean, literally, think about it. Think about it."
You just admitted you'd shut it down.
I got to respond to that.
I got to respond to that.
Just like your rally.
"Look, the way to open businesses is give them the wherewithal to be able open. We provided money, the-"
"Well, masks make a big difference. His own head of the CDC said if we just wore masks between now, if everybody wore a mask and social distanced between now and January, we'd probably save up to 100,000 lives. It matters. It matters."
No serious person has said the opposite. No serious person.
He did not say the opposite.
"By the way, did you see one of the last big rallies he had? A reporter came up to him to ask him a question, he said, No, no, no. Stand back, put on your mask, put on a mask. Have you been tested? I'm way far away from those other people. That's what he said, I'm going to be okay. He's not worried about you. He's not worried about the people out there [crosstalk 00:08:48]."
No negative effect. Come on.
"Yes, I would. He's been totally irresponsible the way in which he has handled the social distancing and people wearing masks, basically encouraged them not to. He's a fool on this."
"The difference is millionaires and billionaires like him in the middle of the COVID crisis have done very well. Billionaires have made another $300 billion because of his profligate tax proposal, and he only focused on the market. But you folks at home, you folks living in Scranton and Claymont and all the small towns and working class towns in America, how well are you doing? This guy paid a total of $750 in taxes."
"Do I get my time back? The fact is that he has in fact, worked on this in a way that he's going to be the first president of the United States to leave office, having fewer jobs in his administration than when he became president. Fewer jobs than when he became president. First one in American history."
"Secondly, the people who have lost their jobs are those people who have been on the front lines. Those people who have been saving our lives, those people who have been out there dying. People who've been putting themselves in the way to make sure that we could all try to make it. And the idea that he is insisting that we go forward and open when you have almost half the states in America with a significant increase in COVID deaths and COVID cases in the United States of America, and he wants to open it up more. Why is he want to open it up? Why does he take care of the You can't fix the economy until you fix the COVID crisis. And he has no intention of doing anything about making it better for you all at home in terms of your health and your safety."
"Schools. Why aren't schools open? Because it costs a lot of money to open them safely. They were going to give, his administration going to give the teachers and school students masks, and then they decided no, couldn't do that because it's not a national emergency. Not a national emergency. They've done nothing to help small businesses. Nothing. They're closing. One in six is now gone. He ought to get on the job and take care of the needs of the American people so we can open safely."
People want to be safe.
People want to be safe.
Show us your tax returns.
Show us your tax returns.
Release your tax return.
When?
In [crosstalk 00:16:04]?
"Yeah, I do want to respond. Look, the tax code that put him in a position that he pays less tax than on the money a school teacher makes is because of him He says he's smart because he can take advantage of the tax code. And he does take advantage of the tax code. That's why I'm going to eliminate the Trump tax cuts. And I'm going to eliminate those tax cuts."
And make sure that we invest in the people who in fact need the help. People out there need help.
Because you weren't president-
Because you weren't president and screwing things up.
You're the worst president America has ever had. Come on.
"Well, just take a look at what is the analysis done by Wall Street firms, points out that my economic plan would create 7 million more jobs than his in four years, number one. And number two, it would create an additional $1 trillion in economic growth, because it would be about buying American. The federal government spends $600 billion a year on everything from ships, to steel, to buildings and the like. And under my proposal, we're going to make sure that every penny of that has to be made by a company-"
"By the way, I'm going to eliminate a significant number of the taxes. I'm going to make the corporate tax 28%. It shouldn't be 21%. You have 91 companies federal, I mean, the fortune 500, who don't pay a single penny in tax making billions of dollars."
"Because you in fact passed that, that was your tax proposal."
"Yeah, you got it done-"
The economy-
Let me finish.
Not lower tax for the American people.
Look-
" we inherited the worst recession, short of a depression in American history. I was asked to bring it back. We were able to have an economic recovery that created the jobs you're talking about. We handed him a booming economy, he blew it."
He blew it.
"Yeah, because what he did, even before COVID, manufacturing went in the hole. Manufacturing went in a hole-"
 number one. Number two-
Number three.
No.
This guy-
We did not. [crosstalk 00:21:21]
I'm the guy that brought back the automobile industry.
"I was asked to bring back Chrysler and General Motors. He brought them back right here in the state of Ohio and Michigan. He blew it. They're gone. He blew it. And in fact, they're gone-"
That is not true.
And so you take a look at what he's actually done. He's done very little. His trade deals are the same way. He talks about these great trade deals. He talks about the art of the deal. China's perfected the art of the steel. We have a higher deficit with China now than we did before. We have the highest trade deficit-
 with Mexico.
That is not true.
None of that is true.
None of that is true.
Is totally-
Totally discredited. Totally discredited. And by the way-
Mr. Vice-
That is not true.
It is not a fact.
It's been totally discredited.
My son did nothing wrong at Barisma-
"He doesn't want to let me answer, because he knows I have the truth. His position has been totally thoroughly discredited-"
And you can-
"by everybody. Well, by the media, by our allies."
By the World Bank-
"By everyone, has discredited. And matter of fact [crosstalk 00:23:30] Matter of fact-"
Even the people who testified under oath-
Even the people under-
 testified under oath in his administration said I did my job and I did it very well.
I did it honorably.
"Well, I'll give you the list of the people who-"
"I'm sure that you've already fired most of them, because they did a good job."
"Well, here's the- [crosstalk 00:23:57]"
"Well, it's hard to get any word in with this clown. Excuse me, this person."
"No, no. Mr. President- [crosstalk 00:24:05]"
That is simply not true.
"Look, here's the deal. We want to talk about families and ethics. I don't want to do that. I mean, his family, we could talk about all night. His family's already-"
And that's such a- [crosstalk 00:24:25]
"This is not about my family or his family. It's about your family, the American people. [crosstalk 00:24:32] That's not true. It doesn't want to talk about what you need. You, the American people, it's about you. That's what we're talking about here. [crosstalk 00:24:42]"
He didn't take that.
Try to be honest.
That is absolutely not true.
That's a good point.
"It's about equity and equality. It's about decency. It's about the constitution. And we have never walked away from trying to require equity for everyone, equality for the whole of America. But we've never accomplished it, but we've never walked away from it like he has done. It is true, the reason I got in the race is when those people Close your eyes, remember what those people look like coming out of the fields, carrying torches, their veins bulging, just spewing anti-Semitic bile and accompanied by the Ku Klux Klan. A young woman got killed and they asked the president what he thought. He said, There were very fine people on both sides. No president's ever said anything like that. [crosstalk 00:27:10]."
Now-
" second point I'd make to you, is that when Floyd was killed, when Mr. Floyd was killed, there was a peaceful protest in front of the White House. What did he do? He came out of his bunker, had the military use tear gas on them so he could walk across to a church and hold up a Bible. And then what happened after that? The Bishop of that very church said that it was a disgrace. The general who was with him said all he ever wants to do is divide people, not unite people at all. This is a president who has used everything as a dog whistle, to try to generate racists hatred, racist division."
"This is a man who, in fact, you talk about helping African-Americans, one in 1000 African Americans has been killed because of the coronavirus. And if he doesn't do something quickly, by the end of the year, one in 500 will have been killed. One in 500 African Americans. This man is as a savior of African-Americans? This man cares at all? This man's done virtually nothing. Look, the fact is that you have to look at what he talks about. You have to look at what he did. And what he did has been disastrous for the African-American community."
I've never said-
"Yes, there is. There's systemic injustice in this country, in education and work and in law enforcement and the way in which it's enforced. But look, the vast majority of police officers are good, decent, honorable men and women. They risk their lives every day to take care of us, but there are some bad apples. And when they occur, when they find them, they have to be sorted out. They have to be held accountable. They have to be held accountable. And what I'm going to do as President of the United States is call together an entire group of people at the White House, everything from the civil rights groups, to the police officers, to the police chiefs, and we're going to work this out."
"We're going to work this out. So we changed the way in which we have more transparency, in when these things happen. These cops aren't happy to see what happened to George Floyd. These cops aren't happy to see what happened to Breonna Taylor. Most don't like it, but we have to have a system where people are held accountable when And by the way, violence in response is never appropriate, never appropriate. Peaceful protest is, violence is never appropriate."
That is not peaceful protest.
Nobody's doing that. He's the racist.
Here's the deal. I know a lot more about this- [crosstalk 00:15:43].
"The fact is that there is racial insensitivity. People have to be made aware of what other people feel like, what insults them, what is demeaning to them. It's important people know. Many people don't want to hurt other people's feelings, but it makes a big difference. It makes a gigantic difference in the way a child is able to grow up and have a sense of self-esteem. It's a little bit like how this guy and his friends look down on so many people. They look down their nose on people like Irish Catholics, like me, who grow up in Scranton. They look down on people who don't have money. They look down on people who are of a different faith. They looked down on people who are a different color. In fact, we're all Americans. The only way we're going to bring this country together is bring everybody together. There's nothing we cannot do, if we do it together. We can take this on and we can defeat racism in American."
Oh my Lord.
This is ridiculous.
Absolutely ridiculous.
Violent crime-
I'm in favor of law. You- [crosstalk 00:35:15].
"Law and order with justice, where people get treated fairly."
"And the fact of the matter is, violent crime went down 17%, 15% in our administration. It's gone up on his watch."
He wouldn't know a suburb unless you took a wrong turn.
"I was raised in the suburbs. This is not 1950. All these dog whistles and racism don't work anymore. Suburbs are by and large integrated. There's many people today driving their kids to soccer practice and/or black and white and Hispanic in the same car as there have been any time in the past, what really is a threat to the suburbs and their safety is his failure to deal with COVID. They're dying in the suburbs. His failure to deal with the environment, they're being flooded, they're being burned out because his refusal to do anything. That's why the suburbs are in trouble."
"Look, what I support are the police having the opportunity to deal with the problems they face and I'm totally opposed to defunding the police offices. As a matter of fact police, local police, the only one defunding in his budget calls for a $400 million cut in local law enforcement assistance. They need more assistance. They need when they show up for a 9-11 call to have someone with them as a psychologist or psychiatrist to keep them from having to use force and be able to talk people down. We have to have community policing like we had before where the officers get to know the people in the communities. That's when crime went down, it didn't go up. It went down. And so we have to be"
That is not true.
That's not true.
We don't have time to do anything.
I don't hold public office. Now I am a former vice president. I've made it clear. I've made it clear in my public statements that the violence should be prosecuted. It should be prosecuted and anyone who committed it should be prosecuted.
They can in fact take care of it if he just stay out of the way.
"And by the way his own former spokesperson said, Riots and chaos and violence help he cause. That's what this is all about."
I do.
I think Kellyanne Conway.
She said that.
"Here's the point, the point is that that's why he keeps trying to rile everything up. He doesn't want to calm things down instead of going in and talking to people and saying, Let's get everybody together. Figure out how to deal with this. What's he do? He just pours gasoline in the fire constantly and every single solitary time."
"Say it, do it say it."
"He's own FBI Director said unlike white supremacist, Antifa is an idea not an organization-"
 not a militia. That's what his FBI Director said.
"Every body in your administration tells you the true, it's a bad idea. You have no idea about anything."
"Under this president, we become weaker, sicker, poor, more divided and more violent. When I was vice president, we inherited a recession. I was asked to fix it. I did. We left him a booming economy and he caused the recession. With regard to being weaker, the fact is that I've gone head to head with Putin and made it clear to him we're not going to take any of his stuff. He's Putin's puppy. He still refuses to even say anything to Putin about the bounty on the heads of American soldiers."
"By the way, my son"
He never keeps his word.
Can you get back 30 seconds?
"So thirdly, we're poor. The billionaires have gotten much more wealthy by a tune of over $3- $400 billion more just since COVID. You in the home, you got less you're in more trouble than you were before. In terms of being more violent. When we were in office there were 15% less violence in America than there is today. He's President United States. It's on his watch. And with regard to more divided the nation, it can't stay divided. We can't be this way. And speaking of my son, the way you talk about the military, the way you talk about them being losers and being and just being suckers. My son was in Iraq. He spent a year there. He got the Brown Star. He got the Conspicuous Service Medal. He was not a loser. He was a Patriot and the people left behind there were heroes."
And I resent-
"I'm talking about my son, Beau Biden, you're talking about Hunter?"
That's not true he was not dishonorably discharged.
None of that is true.
That is not true.
"My son like a lot of people at home had a drug problem. He's overtaking it. He's fixed it. He's worked on it. And I'm proud of him, I'm proud of my son."
He wasn't given tens of millions of dollars. [crosstalk 00:48:23] It was all discredited.
That is not true. That report is totally discredited.
Mitt Romney on that committee said it wasn't worth taxpayer's money. That report was written for political reason.
So would I.
Why have you relaxed fuel economy standards that are going to create more pollution from cars and trucks?
"He's absolutely wrong, number one. Number two, if in fact, during our administration in the recovery act, I was in charge able to bring down the cost of renewable energy to cheaper than are as cheap as coal and gas and oil. Nobody's going to build another coal fired plant in America. No one's going to build another oil fire plant in America. They're going to move to renewable energy. Number one, number two, we're going to make sure that we are able to take the federal fleet and turn it into a fleet that's run on their electric vehicles. Making sure that we can do that, we're going to put 500,000 charging stations in all of the highways that we're going to be building in the future. We're going to build a economy that in fact is going to provide for the ability of us to take 4 million buildings and make sure that they in fact are weatherized in a way that in fact will they'll emit significantly less gas and oil because the heat will not be going out. There's so many things that we can do"
"Gas and oil because the heat will not be going out. There's so many things that we can do now to create thousands and thousands of jobs. We can get to net zero, in terms of energy production, by 2035. Not only not costing people jobs, creating jobs, creating millions of good-paying jobs. Not 15 bucks an hour, but prevailing wage, by having a new infrastructure that in fact, is green. And the first thing I will do, I will rejoin the Paris Accord. I will join the Paris Accord because with us out of it, look what's happening. It's all falling apart. And talk about someone who has no relationship with foreign policy. The rainforests of Brazil are being torn down, are being ripped down. More carbon is absorbed in that rainforest than every bit of carbon that's emitted in the United States. Instead of doing something about that, I would be gathering up and making sure we had the countries of the world coming up with $20 billion, and say, Here's $20 billion. Stop tearing down the forest. And If you don't, then you're going to have significant economic consequences."
"Well, he hasn't drawn a line. He wants to make sure that methane's not a problem. You can now emit more methane without it being a problem. Methane. This is a guy who says that you don't have to have mileage standards for automobiles that exist now. This is the guy who says that, the fact that-"
It's all true. And here's the deal-
I'm talking about the Biden plan [crosstalk 00:55:51]-
No.
That is not-
Not true-
Not true.
Not true.
Simply Look-
That is simply not the case-
"What it's going to do, it's going to create thousands and millions of jobs. Good paying jobs [crosstalk 00:02:41]."
He doesn't know how to do that-
"The fact is, it's going to create millions of good paying jobs, and these tax incentives for people to weatherize, which he wants to get rid of. It's going to make the economy much safer. Look how much we're paying now to deal with the hurricanes, deal with By the way, he has an answer for hurricanes. He said, maybe we should drop a nuclear weapon on them, and they may-"
"Yeah, he did say that-"
And here's the deal-
" we're going to be in a position where we can create hard, hard, good jobs by making sure the environment is clean, and we all are in better shape. We spend billions of dollars now, billions of dollars, on floods, hurricanes, rising seas. We're in real trouble. Look what's happened just in the Midwest with these storms that come through and wipe out entire sections and counties in Iowa. They didn't happen before. They're because of global warming. We make up 15% of the world's problem. But the rest of the world, we've got to get them to come along. That's why we have to get back into the Paris Accord."
For 47-
That is not my plan [crosstalk 00:58:10]. The Green New Deal [crosstalk 00:58:14] is not my plan. [crosstalk 00:58:15]-
I did not say that-
Play it. Play it-
"The final question is, I can't remember which of all his rantings [crosstalk 00:04:44]."
Yeah.
The economy-
"The Green New Deal will pay for itself as we move forward. We're not going to build plants that, in fact, are great polluting plants-"
Pardon me?
"No, I don't support the Green New Deal."
I support [crosstalk 00:05:13]-
I support [crosstalk 00:59:17] the Biden plan that I put forward.
"The Biden plan, which is different than what he calls the radical Green New Deal."
"Prepare to let people vote. They should go to iwillvote.com, decide how they're going to vote, when they're going to vote, and what means by which they're going to vote. His own Homeland Security director, and as well as the FBI director, says that there is no evidence at all that mail-in ballots are a source of being manipulated and cheating. They said that. The fact is that there are going to be millions of people because of COVID that are going to be voting by mail-in ballots like he does, by the way. He sits behind the Resolute Desk and sends his ballot to Florida, number one. Number two, we're going to make sure that those people who want to vote in person are able to vote because there are enough poll watchers are there to make sure they can socially distance. The polls are open on time, and the polls stay open until the votes are counted. And this is all about trying to dissuade people from voting because he's trying to scare people into thinking that it's not going to be legitimate."
"Show up and vote. You will determine the outcome of this election. Vote, vote, vote. If you're able to vote early in your state, vote early. If you're able to vote in person, vote in person. Vote whatever way is the best way for you, because you will He cannot stop you from being able to determine the outcome of this election. And in terms of whether or not When the votes are counted and they're all counted, that will be accepted. If I win, that will be accepted. If I lose, that'll be accepted. But by the way, if in fact he says, he's not sure what he's going to accept. Well, let me tell you something, it doesn't matter, because if we get the votes, it's going to be all over. He's going to go. He can't stay in power. It won't happen. It won't happen, so vote. Just make sure you understand, you have it in your control to determine what this country is going to look like the next four years. Is it going to change, or are you going to get four more years of these lies?"
There is no [crosstalk 01:05:32] There is no evidence of that-
There is no evidence of that-
"Five states have had mail-in ballots for the last decade or more. Five, including two Republican states. And you don't have to solicit the ballot. It's sent to you. It's sent to your home. What they're saying is that it has to be a postmark by election day. If it doesn't get in until the seventh, eighth, ninth, it still should be counted. He's just afraid of counting the votes-"
"I am concerned that any court would settle this, because here's the deal. When you get a ballot and you fill it out, you're supposed to have an affidavit. If you didn't know, you have someone say that, this is me. You should be able to, if in fact you can verify that's you before the ballot is thrown out, that's sufficient to be able to count the ballot because someone made a mistake and not dotting the correct I. Who they voted for, testify, say who they voted for, say it's you. That is totally legitimate."
Mail service delivers [crosstalk 01:07:21] 185 million pieces of mail a day [crosstalk 01:07:24]-
"Yes. And here's the deal. We count the ballots, as you pointed out. Some of these ballots in some states can't even be opened until election day. And if there's thousands of ballots, it's going to take time to do it. And by the way, our military They've been voting by ballots since the end of the Civil War, in effect. And that's what's going to happen. Why is it, for them, somehow not fraudulent. It's the same process. It's honest. No one has established at all that there is fraud related to mail-in ballots, that somehow it's a fraudulent process."
"He has no idea what he's talking about. Here's the deal. The fact is, I will accept it, and he will too. You know why? Because once the winner is declared after all the ballots are counted, all the votes are counted, that'll be the end of it. That'll be the end of it. And if it's me, in fact, fine. If it's not me, I'll support the outcome. And I'll be a president, not just for the Democrats. I'll be a president for Democrats and Republicans. And this guy-"
"220,000 Americans dead. You hear nothing else I say tonight, hear this. Anyone who is responsible for not taking control. In fact, not saying I take no responsibility initially. Anyone is responsible for that many deaths should not remain as president of the United States of America. We?e in a situation where there are a thousand deaths a day now. A thousand deaths a day. And there are over 70,000 new cases per day. Compared to what? going on in Europe as the New England Medical Journal said, they?e starting from a very low rate. We?e starting from a very high rate."
"The expectation is we?l have another 200,000 Americans dead between now and the end of the year. If we just wore these masks, the president? own advisors have told him, we can save a 100,000 lives. And we?e in a circumstance where the president thus far and still has no plan, no comprehensive plan."
"What I would do is make sure we have everyone encouraged to wear a mask all the time. I would make sure we move into the direction of rapid testing, investing in rapid testing. I would make sure that we set up national standards as to how to open up schools and open up businesses so they can be safe and give them the wherewithal, the financial resources to be able to do that."
"We?e in a situation now where the New England Medical Journal, one of the serious, most serious journals in the whole world said for the first time ever that the way this president has responded to this crisis has been absolutely tragic. And so folks, I will take care of this. I will end this. I will make sure we have a plan."
"Make sure it? totally transparent. Have the scientists of the world see it, know it, look at it, go through all the processes. And by the way, this is the same fellow who told you, ?his is going to end by Easter??last time. This is the same fellow who told you that, ?on? worry, we?e going to end this by the summer.??We?e about to go into a dark winter, a dark winter and he has no clear plan. And there? no prospect that there? going to be a vaccine available for the majority of the American people before the middle of next year."
"My response is he is xenophobic, but not because he shutdown access from China. And he did it late after 40 countries had already done that. In addition to that, what he did, he made sure that we had 44 people that were in there in China trying to get the Wuhan to determine what exactly the source was. What did the president say in January? He said, ??No.??He said, ?e? being transparent. The president of China is being transparent. We owe him a debt of gratitude. We have to thank him.??
Joe Biden,16:38,And then what happened was we started talking about using the Defense Act to make sure we go out and get whatever is needed out there to protect people. And again"
"I didn? say over soon. I say we?e learning to live with it. We have no choice. We can? lock ourselves up in a basement like Joe does. He has the ability to lock himself up. I don? know. He? obviously made a lot of money someplace, but he has this thing about living in a basement. People can? do that. By the way I as the president couldn? do that. I? love to put myself in the basement or in a beautiful room in the White House and go away for a year and a half until it disappears. I can? do that."
"And Kirsten, every meeting I had, every meeting I had and I? meet a lot of families, including gold star families and military families. Every meeting I had and I had to meet them, I had to. It would be horrible to have canceled everything. I said, ?his is dangerous and you catch it.??And I caught it. I learned a lot. I learned a lot. Great doctors, great hospitals. And now I recovered. 99.9 of young people recover. 99% of people recover. We have to recover-"
Can I respond to that?
"Number one, he says that we?e learning to live with it. People are learning to die with it. You folks home will have an empty chair at the kitchen table this morning. That man or wife going to bed tonight and reaching over to try to touch, there out of habit, where their wife or husband was, is gone. Learning to live with it. Come on. We?e dying with it, because he? never said. See, you said, ?t? dangerous.??When? the last time? Is it really dangerous still? Are we dangerous. You tell the people it? dangerous now. What should they do about the danger? And you say, ? take no responsibility.??
Kristen Welker,18:56,Let me talk about your Tuesday-
Donald Trump,18:58,Excuse me. I take full responsibility. It? not my fault that it came here. It? China? fault. And you know what? It? not Joe? fault that it came here either. It? China? fault. They kept it from going into the rest of China for the most part"
"The fact is that when we knew it was coming, when it hit, what happened? What did the President say? He said, ?on? worry. It? going to go away. It?l be gone by Easter. Don? worry. Warm weather. Don? worry. Maybe inject bleach.??He said he was kidding when he said that, but a lot of people thought it was serious. A whole range of things the President has said, even today, he thinks we are in control. We?e about to lose 200,000 more people."
I didn? say either of those things.
I talked about his xenophobia in a different context. It wasn? about closing the border to Chinese coming to the United States.
No.
"What I would say is, I? going to shut down the virus, not the country. It? his ineptitude that caused the country to have to shut down in large part, why businesses have gone under, why schools are closed, why so many people have lost their living, and why they?e concerned. Those other concerns are real. That? why he should have been, instead of in a sand trap at his golf course, he should have been negotiating with Nancy Pelosi and the rest of the Democrats and Republicans about what to do about the acts they were passing for billions of dollars to make sure people had the capacity."
"Oh, well, no. I? not shutting down today, but there are ??Look, you need standards. The standard is, if you have a reproduction rate in a community that? above a certain level, everybody says, ?low up. More social distancing. Do not open bars and do not open gymnasiums. Do not open until you get this under control, under more control.??But when you do open, give the people the capacity to be able to open and have the capacity to do it safely. For example, schools. Schools, they need a lot of money to be open. They need to deal with ventilation systems. They need to deal with smaller classes, more teachers, more pods, and he? refused to support that money, or at least up to now."
"Simply not true. We ought to be able to walk and chew gum at the same time. We ought to be able to safely open, but they need resources to open? You need to be able to, for example, if you?e going to open a business, have social distancing within the business. You need to have, if you have a restaurant, you need to have plexiglass dividers so people cannot infect one another. You need to be in a position where you can take testing rapidly and know whether the person is in fact infected. You need to be able to trace. You need to be able to provide all the resources that are needed to do this. And that is not inconsistent with saying that we?e going to make sure that we?e going to open safely. And by the way, all you teachers out there, not that many of you are going to die, so don? worry about it. So don? worry about it. Come on."
"Take a look at what New York has done in terms of turning the curve down, in terms of the number of people dying. And I don? look at this in terms of the way he does, blue states and red states. They?e all the United States. And look at the states that are having such a spike in the coronavirus. They?e the red states, they?e the states in the Midwest, they?e the states in the upper Midwest. That? where the spike is occurring significantly. But they?e all Americans. They?e all Americans. And what we have to do is say, wear these masks, number one. Make sure we get the help that the businesses need. That money? already been passed to do that. It? been out there since the beginning of the summer, and nothing? happened."
"My response is that think about what the President knew in January and didn? tell the American people. He was told this was a serious virus that spread in the air, and it was much worse, much worse, than the flu. He went on record and said to one of your colleagues, recorded, that in fact he knew how dangerous it was but he didn? want to tell us. He didn? want to tell us because he didn? want us to panic. He didn? want us??Americans don? panic. He panicked. But guess what, in the meantime, we find out in the New York Times the other day, that in fact his folks went to Wall Street and said, ?his is a really dangerous thing.??And a memo out of that meeting ??not from his administration, but from some of the brokers ??said, ?ell short, because we?e got to get moving. It? a dangerous problem.??
Donald Trump,28:31,Well"
I haven?-
"Average contribution, $43."
"I made it clear and I asked everyone else to take the pledge. I made it clear that any country, no matter who it is, that interferes in American elections will pay a price. They will pay a price. And it? been overwhelmingly clear this election ??I won? even get into the last one ??this election, that Russia has been involved, China? been involved to some degree, and now we learn that Iran is involved. They will pay a price if I? elected. They?e interfering with American sovereignty. That? what? going on right now. They?e interfering with American sovereignty."
"And to the best of my knowledge, I don? think the President has said anything to Putin about it. I don? think he? talking to them a lot. I don? think he? said a word. I don? know why he hasn? said a word to Putin about it, and I don? know what he has recently said, if anything, to the Iranians. My guess is he? probably be more outspoken with regard to the Iranians."
"But the point is this, folks. We are in a situation where we have foreign countries trying to interfere in the outcome of our election. His own National Security Advisor told him that what is happening with his buddy??Well, I shouldn???Well, I will. His buddy Rudy Giuliani. He? being used as a Russian pawn. He? being fed information that is Russian that is not true. And then what happens? Nothing happens. And then you find out that everything that? going on here, about Russia is wanting to make sure that I do not get elected the next President of the United States, because they know I know them, and they know me."
"I don? understand why this President is unwilling to take on Putin when he? actually paying bounties to kill American soldiers in Afghanistan, when he? engaged in activities that are trying to destabilize all of NATO. I don? know why he doesn? do it, but it? worth asking the question. Why isn? that being done? Any country that interferes with us will, in fact, pay a price, because they?e affecting our sovereignty."
[crosstalk 00:01:31].
"I have not taken a penny from any foreign source ever in my life. We learned that this president paid 50 times the tax in China as a secret bank account with China, does business in China, and in fact, is talking about me taking money? I have not taken a single penny from any country, whatsoever, ever, number one."
"Number two, this is a president??I have released all of my tax returns, 22 years, go look at them, 22 years of my tax return. You have not released a single solitary year of your tax return. What are you hiding? Why are you unwilling? The foreign countries are paying you a lot. Russia? paying you a lot. China? paying you a lot on your hotels and all your businesses all around the country, all around the world. And China? building a new road to a new golf course you have overseas. So, what? going on here? Release your tax return or stop talking about corruption."
"Why did he??he? been saying this for four years, show us, just show us, stop playing around. You?e been saying for four years you?e going to release your taxes."
"Nobody knows, Mr. President. What they do know is you?e not paying your taxes, or you?e paying taxes that are so low, when last time he said, what he paid, he said, I only pay that little because I? smart. I know how to game the system. Come on. Come on, folks."
Sure.
"Nothing was unethical. Here? what the deal. With regard to Ukraine. We had this whole question about whether or not, because he was on the board, I later learned of Burisma, a company that somehow, I had done something wrong, yet every single solitary person, when he was going through his impeachment, testifying under oath, who work for him, said I did my job impeccably. I carried out U.S. policy, not one single solitary thing was out of line, not a single thing, number one."
"Number two, the guy who got in trouble in Ukraine was this guy trying to bribe the Ukrainian government to say something negative about me, which they would not do and did not do because it never ever, ever happened. My son has not made money in terms of this thing about, what are you talking about, China. I have not had??the only guy who made money from China is this guy. He? the only one. Nobody else has made money from China."
No basis for that. Everybody investigated that. No one said anything he did was wrong in Ukraine.
Not true.
"What I? make China do is play by the international rules, not like he has done. He has caused the deficit of the China to go up, not down, with China, up, not down. We are making sure that in order to do business in China, you have to give all your intellectual property. You have to have a partner in China. It? 51%, we would not do that at all, number one."
"Number two, we?e in a situation where China would have to play by the rules internationally as well. When I met with Xi and when I was still vice-president, he said we?e setting up air identification zones in the South China Sea. You can? fly through them. I said we?e going to fly through them. We just flew B-52, B-1 bombers through it. We?e not going to pay attention. They have to play by the rules. And what? he do? He embraces guys like the thugs, like in North Korea and the Chinese president and Putin and others, and he pokes his finger [inaudible 00:10:36] all of our friends, all of our allies. We make up only??we?e 25%, 25% of the world? economy. We need to be having the rest of our friends with us saying to China, ?hese are the rules. You play by them, or you?e going to pay the price for not paying by them economically.??
Joe Biden,10:54,That? the way I will run it"
That? not true.
Tax payer? money.
Taxpayer? money. Didn? come from China.
Not true.
"My response is, look, there? a reason why he? bringing up all this malarkey. There? a reason for it. He doesn? want to talk about the substantive issues. It? not about his family and my family. It? about your family, and your family? hurting badly. If you?e a middle-class family, you?e getting hurt badly right now. You?e sitting at the kitchen table this morning deciding, ?ell, we can? get new tires. They?e bald, because we have to wait another month or so.??Or, ?re we going to be able to pay the mortgage???Or, ?ho? going to tell her she can? go back to community college???They?e the decisions you?e making, and the middle-class families like I grew up in Scranton and Claymont, they?e in trouble. We should be talking about your families, but that? the last thing he wants to talk about."
I want to talk about North Korea.
"Because I? make it clear, which we were making clear to China, they had to be part of the deal, because I made it clear as a spokesperson for the illustration when I went to China that I said, ?hy are you moving your missile defense up so close? Why are you moving more forces here? Why are you continue to do military maneuvers with South Korea???I said, ?ecause North Korea is a problem, and we?e going to continue to do it so we can control them. We?e going to make sure we can control them and make sure they can not hurt us. And so if you want to do something about it, step up and help. If not, it? going to continue.??What has he done? He? legitimized North Korea. He? talked about his good buddy, who? a thug, a thug. And he talks about how we?e better off. And they have much more capable missiles, able to reach us territory much more easily than they ever did before."
On the condition that he would agree that he would be drawing down his nuclear capacity. The Korean Peninsula should be a nuclear free zone.
"We had a good relationship with Hitler before he, in fact, invaded Europe, the rest of Europe. Come on. The reason he would not meet with President Obama is because President Obama said, ?e?e going to talk about denuclearization. We?e not going to legitimize you and we?e going to continue to push stronger and stronger sanctions on you.??That? why he wouldn? meet with us."
"What I? going to do is pass Obamacare with a public option, and become Bidencare. The public option is an option that says that if you in fact do not have the wherewithal, if you qualify for Medicaid and you do not have the wherewithal in your state to get Medicaid, you automatically are enrolled, providing competition for insurance companies. That? what? going to happen. Secondly, we?e going to make sure we reduce the premiums and reduce drug prices by making sure that there? competition, that doesn? exist now, by allowing Medicare to negotiate drug prices with the insurance companies. Thirdly, the idea that I want to eliminate private insurance, the reason why I had such a fight with 20 candidates for the nomination was I support private insurance. That? why. Not one single person with private insurance would lose their insurance under my plan, nor did they under Obamacare. They did not lose their insurance unless they chose they wanted to go to something else."
"Lastly, we?e going to make sure we?e in a situation that we actually protect pre-existing. There? no way he can protect pre-existing conditions. None, zero. You can? do it in the ether. He? been talking about this for a long time. He? never come up with a plan. I guess we?e going to get the pre-existing condition plan the same time we got the infrastructure plan that we waited for since ??7, ??8, ??9, and 20. I still have a few more minutes. I know you?e getting anxious. The fact is that he? already cost the American people, because of his terrible handling of the COVID virus and economic spillover. 10 million people have lost their private insurance, and he wants to take away 22 million more people who have it under Obamacare and over 110 million people with pre-existing conditions. And all the people from COVID are going to have pre-existing conditions, what are they going to do?"
"I say it? ridiculous. It? like saying that the fact that there? a public option that people can choose, that makes it a socialist plan. Look, the difference between the president and I??I think healthcare is not a privilege, it? a right. Everyone should have the right to have affordable healthcare, and I am very proud of my plan. It? gotten endorsed by all the major labor unions, as well as a whole range of other people who, in fact, are concerned in the medical field. This is something that? going to save people? lives. And this is going to give some people an opportunity to have healthcare for their children. How many of you at home are worried and rolling around in bed tonight, wondering what in God? name you?e going to do if you get sick, because you?e lost your health insurance and your company? gone under? We have to provide health insurance for people at an affordable rate, and that? what I do."
By the way-
You can ask it.
I have to respond to healthcare.
"My response is, people deserve to have affordable healthcare, period. Period, period, period. And the Biden care proposal will in fact provide for that affordable healthcare, lower premiums. What we?e going to do is going to cost some money. It? going to cost over $750 billion over 10 years to do it. And they?e going to have lower premiums. You can buy into the better plans, the cheaper plans, lower your premiums, deal with unexpected billing, and have your drug prices drop significantly. He keeps talking about it. He hasn? done a thing for anybody on healthcare. Not a thing."
Wrong.
Bernie.
"He? a very confused guy. He thinks he? running against somebody else. He? running against Joe Biden. I beat all those other people because I disagreed with them. Joe Biden, he? running against. And the idea that we?e in a situation that is going to destroy Medicare??This is the guy that the actuary of Medicare said, ?f in fact?色?That? Social Security. ?f in fact he continues his plan to withhold the tax on Social Security, Social Security will be bankrupt by 2023 with no way to make up for it.??This is the guy who? tried to cut Medicare. The idea that Donald Trump is lecturing me on Social Security and Medicare? Come on."
May I respond?
"Look, the idea that the stock market is booming is his only measure of what? happening. Where I come from in Scranton and Claymont, the people don? live off of the stock market. Just in the last three years, during this crisis, the billionaires in this country made, according to Wall Street, 700 billion more dollars. 700 billion more dollars. Because that? his only measure. What happens to the ordinary people out there? What happens to them?"
"By the way, as you know, the Republican leader in the United States Senate said he can? pass it. He will be able to pass it. He does not have Republican votes. Why isn? he talking to his Republican friends?"
"I have, and they have pushed it. Look, they passed this act all the way back in the beginning of the summer. It? not new. It? been out there. This HEROES Act has been sitting there. And look at what? happening. When I was in charge of the recovery act with $800 billion, I was able to get $145 billion to local communities that have to balance their budgets and states that have to balance their budgets. And then they have to fire firefighters, teachers, first responders, law enforcement officers, so they could keep their cities and counties running. He will not support that. They have not done a thing for them. And Mitch McConnell said, ?et them go bankrupt. Let them go bankrupt.??Come on. What? the matter with these guys?"
"By the way, if I get elected, I? not going to??I? running as a proud Democrat, but I? going to be an American president. I don? see red states and blue states. What I see is American United States. And folks, every single state out there finds themself in trouble. They?e going to start laying off, whether they?e red or blue, cops, firefighters, first responders, teachers, because they have to balance their budget. And the founders were smart. They allowed the federal government to deficit spend to compensate for the United States of America."
"I do, because I think one of the things we?e going to have to do is we?e going to have to bail them out too. We should be bailing them out now, those small businesses. You got one in six of them going under. They?e not going to be able to make it back. They passed a package that allows us to be able??They call it PPP. Money is supposed to go to help them do everything from organize how they can deal with their businesses being open safely, schools, how they can make classrooms smaller, how they can hire more teachers, how they can put ventilation systems in. They need the help. The businesses, as well as the schools, need the help. These guys will not help them. It? not giving them any of the money."
"Not true, by the way."
Every-
"No one should work one job, be below poverty. People are making six, seven, eight bucks an hour. These first responders we all clap for as they come down the street because they?e allowed us to make it. What? happening? They deserve a minimum wage of $15. Anything below that puts you below the poverty level. And there is no evidence that when you raise the minimum wage, businesses go out of business. That is simply not true."
It? an [crosstalk 00:32:35]-
These 500-plus kids came with parents. They separated them at the border to make it a disincentive to come to begin with. ?e real tough. We?e really strong.??And guess what? They cannot??Coyotes didn? bring them over. Their parents were with them. They got separated from their parents. And it makes us a laughingstock and violates every notion of who we are as a nation.
We did not separate the [crosstalk 00:34:25]-
Let? talk about what we?e talking about.
"Let? talk about what we?e talking about. What happened? Parents were ripped??Their kids were ripped from their arms and separated, and now they cannot find over 500 of the sets of those parents, and those kids are alone. Nowhere to go. Nowhere to go. It? criminal. It? criminal."
"Because we made a mistake made. It took too long to get it right. Took too long to get it right. I?l be President of the United States, not Vice President of the United States. And the fact is I?e made it very clear. Within a 100 days, I? going to send to the United States Congress a pathway to citizenship for over 11 million undocumented people. And all of those so-called dreamers, those DACA kids, they?e going to be immediately certified again to be able to stay in this country and put on a path to citizenship. The idea that they are being sent home by this guy and they want to do that is they?e gone to they?e never seen before. I can imagine. You?e five years old. Your parents are taking across the Rio Grande River and it? illegal. And you say, ?h, no, Mom. Leave me here. I? not going to go with you.??They been here. Many of them are model citizens. Over 20,000 of them are first responders out there taking care of people during this crisis. We owe them. We owe them."
"The catch and release, you know what he? talking about there? If in fact you had a family came across and they were arrested, they in fact were given a date to show up for their hearing. They were released. And guess what? They showed up for a hearing. And this is the first President in the history of the United States of America that anybody seeking asylum has to do it in another country. That? never happened before in America. That? never happened before in America. You come to the United States and you make your case that, ? seek asylum based on the following premise, why I deserve it under American law.??They?e sitting in squalor on the other side of the river."
"Know the law, what he? telling you is simply not true. Check it out."
Check it out.
That? right. And you 525 kids not knowing where in God? name they?e going to be and lost their parents.
"I do. I do. My daughter is a social worker and she? written a lot about this. She has her graduate degree from the University of Pennsylvania in social work. And one of the reasons why I ended up working on the East Side of Wilmington, Delaware, which is 90% African-American, was to learn more about what was going on. I never had to tell my daughter if she? pulled over, make sure she puts??For a traffic stop. ?ut both hands on top of the wheel and don? reach for the glove box because someone may shoot you.??But a Black parent, no matter how wealthy or how poor they are, has to teach their child, ?hen you?e walking down the street, don? have a hoodie on when you go across the street."
"Making sure that you, in fact, if you get pulled over just, yes, sir, no, sir. Hands on top of the wheel. Because you are in fact, the victim, whether you?e a person making 300,000 ??child of a $300,000 a year person or someone who? on food stamps. The fact of the matter is, there is institutional racism in America. And we have always said, we?e never lived up to it, that we hold these truths to be self-evident, all men and women are created equal. Well, guess what, we have never, ever lived up to it. But we?e always constantly been moving the needle further and further to inclusion, not exclusion. This is the first president to come along and says, that? the end of that. We?e not going to do that anymore. We have to provide for economic opportunity, better education, better healthcare, better access to schooling, better access to opportunity to borrow money to start businesses, all the things we can do. And I?e laid out a clear plan as to how to do those things just to give people a shot. It? about accumulating the ability to have wealth as well as it is to be free from violence."
"My response to that is I never ever said what he accused me of saying. The fact of the matter is in 2000 though, after the crime bill had been in the law for awhile, this is a guy who said, ?he problem with the crime bill, there? not enough people in jail. There? not enough people in jail.??And go on my website, get the quote, the date when he said it, ?ot enough people.??He talked about marauding gangs, young gangs, and the people who are going to maraud our cities. This is a guy who in the Central Park Five, five innocent black kids, he continued to push for making sure that they got the death penalty. None of them were guilty of the crimes they were suggested. Look and granted, he did in fact, let 20 people ??he commuted 20 people? sentences."
"We commuted over 1,000 people? sentences, over 1,000. The very law he? talking about is a law that in fact, initiated by Barack Obama. And secondly, we?e in a situation here where the federal prison system was reduced by 38,000 people under our administration. And one of those things we should be doing, there should be no, no minimum mandatories in the law. That? why I? offering $20 billion to states to change their state laws to eliminate minimum mandatories and set up drug courts. No one should be going to jail because they have a drug problem. They should be going to rehabilitation, not to jail. We should fundamentally change the system and that? what I? going to do."
We did-
"Well, I?l tell you what I hope he does look at me because what? happening here is, you know who I am. You know who he is, you know his character, you know my character, you know our reputations for honor and telling the truth. I am anxious to have this race. I? anxious to see this take place. I am ??The character of the country is on the ballot. Our character? on the ballot, look at us closely."
Nobody? calling me-
Nobody.
I have to respond to that. Because look-
"There are 50 former national intelligence folks who said that what he? accusing me of is a Russian plant. They have said that this has all the ??five former heads of the CIA, both parties, say what he? saying is a bunch of garbage. Nobody believes it except him and his good friend, Rudy Giuliani."
That? exactly what was told.
"Abraham Lincoln here is one of the most racist presidents we?e had in modern history, he pours fuel on every single racist fire, every single one. Started off his campaign coming down the escalator saying he? getting rid of those Mexican rapists, he? ban Muslims because they?e Muslims, he has moved around and made everything worse across the board. He says to??About the Proud Boys, last time we were on stage here he said, ? tell them to stand down and stand ready.??Come on, this guy has a dog whistle about as big as a foghorn."
You said you?e Abraham Lincoln.
You said-
"Oh, God."
Not true.
"One of the things is that in the ??0s we passed 100 percent, all 100 senators voted for a bill on drugs and how to deal with drugs, it was a mistake. I?e been trying to change since then particularly the portion on cocaine. That? why I?e been arguing that in fact we should not send anyone to jail for a pure drug offense, they should be going into treatment across the board, that? what we should be spending money. And that? why I set up drug courts which were never funded by our Republican friends. They should not be going to jail for a drug or an alcohol problem, they should be going into treatment. That? what we?e been trying to do, that? what I? going to get done because I think the American people have now seen that in fact it was a mistake to pass those laws relating to drugs, but they were not in the Crime Bill."
"We got a lot of it done. We released 38,000-"
"We got 38,000 prisoners [ crosstalk 00:11:30]-"
"38,000 prisoners were released from federal prison, we have??There were over a thousand people who were given clemency. [inaudible 00:03:38]. In fact, were the ones that put in the legislation saying we could look at pattern and practice of police departments and what they were doing, how they?e conducting themselves. I could go on, but we began the process, we lost an election, that? why I? running to win back that election and change his terrible policy."
[crosstalk 00:00:12:23].
"We had a Republican Congress, that? the answer."
You did what we already had done.
"Climate change, global warming is an existential threat to humanity. We have a moral obligation to deal with it. And we?e told by all the leading scientists in the world we don? have much time, we?e going to pass the point of no return within the next 8 to 10 years. Four more years of this man eliminating all the regulations that were put in by us to clean up the climate, to clean up??To limit the emissions, will put us in a position where we?e going to be in real trouble. Here? where we have a great opportunity. I was able to get both all the environmental organizations as well as the labor, the people worried about jobs, to support my climate plan."
"Because what it does, it will create millions of new good paying jobs, we?e going to invest in, for example, 500,000??Excuse me, 50,000 charging stations on our highways so that we can own the electric car market of the future. In the meantime, China is doing that. We?e going to be in a position where we?e going to see to it that we?e going to take 4 million existing buildings and 2 million existing homes and retrofit them so they don? leak as much energy, saving hundreds of millions of barrels of??
Joe Biden,16:03,So they don? leak as much energy saving hundreds of millions of barrels of oil in the process and creating significant number of jobs. By the way"
[crosstalk 00:16:56].
I don? know where he comes from. I don? know where he comes up with these numbers.
"A hundred trillion dollars, give me a break. This plan has been endorsed by every major, every major environmental group and every labor group, labor, because they know the future lies. The future lies in us being able to breathe and they know they?e good jobs and getting us there."
"By the way, the fastest growing industry in America is the electric, excuse me, solar energy and wind. He thinks wind causes cancer, windmills. It? the fastest growing jobs and they pay good prevailing wages, 45, 50 bucks an hour. We can grow and we can be cleaner if we go the route I? proposing."
Find me a scientist who says that.
False.
I never said I oppose fracking.
"Show the tape, put it on your website."
Put it on the website. The fact of the matter is he? flat lying.
"I do rule out banning fracking because the answer we need, we need other industries to transition, to get to ultimately a complete zero emissions by 2025. What I will do with fracking over time is make sure that we can capture the emissions from the fracking, capture the emissions from gas. We can do that and we can do that by investing money in doing it, but it? a transition to that."
Good.
"Fracking on federal land. I said, no fracking and/or oil on federal land."
"My response is that those people live on what they call fence lines. He doesn? understand this. They live near chemical plants that in fact, pollute, chemical plants and oil plants and refineries that pollute."
"I used to live near that when I was growing up in Claymont, Delaware and there are more oil refineries in Marcus Hook and the Delaware River than there is any place, including in Houston at the time. When my mom get in the car and when there are first frost to drive me to school, turning the windshield wiper, there? been oil slick in the window. That? why so many people in my state were dying and getting cancer. The fact is those frontline communities, it? not a matter of what you?e paying them. It matters how you keep them safe. What do you do? You impose restrictions on the pollutions that if the pollutants coming out of those fence line communities."
"By the way, I have a transition from the old industry, yes."
I will transition. It is a big statement.
Because I would stop.
"Because the oil industry pollutes, significantly."
Here? the deal-
"Well if you let me finish the statement, because it has to be replaced by renewable energy over time, over time, and I? stopped giving to the oil industry, I? stop giving them federal subsidies. You won? get federal subsidies to the gas, oh, excuse me to solar and wind."
Why are we giving it to oil industry?
"He takes everything out of context, but the point is, look, we have to move toward net zero emissions. The first place to do that by the year 2035 is in energy production, by 2050 totally."
"No, I? going to rejoin Paris Accord and make China abide by what they agreed to."
"I will say, I? an American President. I represent all of you, whether you voted for me or against me, and I? going to make sure that you?e represented. I? going to give you hope. We?e going to move; we?e going to choose science over fiction. We?e going to choose hope over fear. We?e going to choose to move forward because we have enormous opportunities, enormous opportunities to make things better."
"We can grow this economy, we can deal with the systemic racism. At the same time, we can make sure that our economy is being run and moved and motivated by clean energy, creating millions of new jobs. That? the fact, that? what we?e going to do. And I? going to say, as I said at the beginning, what is on the ballot here is the character of this country. Decency, honor, respect. Treating people with dignity, making sure that everyone has an even chance. And I? going to make sure you get that. You haven? been getting it the last four years."
Thank you.
