﻿text
How are you doing?
"Thank you very much, Chris. I will tell you very simply. We won the election. Elections have consequences. We have the Senate, we have the White House, and we have a phenomenal nominee respected by all. Top, top academic, good in every way. Good in every way. In fact, some of her biggest endorsers are very liberal people from Notre Dame and other places. So I think she's going to be fantastic. We have plenty of time. Even if we did it after the election itself. I have a lot of time after the election, as you know. So I think that she will be outstanding. She's going to be as good as anybody that has served on that court. We really feel that. We have a professor at Notre Dame, highly respected by all, said she's the single greatest student he's ever had. He's been a professor for a long time at a great school."
"And we won the election and therefore we have the right to choose her, and very few people knowingly would say otherwise. And by the way, the Democrats, they wouldn't even think about not doing it. The only difference is they'd try and do it faster. There's no way they would give it up. They had Merrick Garland, but the problem is they didn't have the election so they were stopped. And probably that would happen in reverse, also. Definitely would happen in reverse. So we won the election and we have the right to do it, Chris."
"Thank you, Joe."
"There aren't a hundred million people with pre-existing conditions. As far as a say is concerned, the people already had their say. Okay, Justice Ginsburg said very powerfully, very strongly, at some point 10 years ago or so, she said a President and the Senate is elected for a period of time, but a President is elected for four years. We're not elected for three years. I'm not elected for three years. So we have the Senate, we have a President-"
"During that period of time, during that period of time, we have an opening. I'm not elected for three years. I'm elected for four years. Joe, the hundred million people is totally wrong. I don't know where you got that number. The bigger problem that you have is that you're going to extinguish 180 million people with their private health care, that they're very happy this."
"Well, you're certainly going to socialist. You're going to socialist-"
That's not what you've said and it's not what your party is saying.
Your party doesn't say it. Your party wants to go socialist medicine and socialist healthcare.
"And they're going to dominate you, Joe. You know that."
Not according to Harris.
"Joe, you've had 308,000 military people dying because you couldn't provide them proper healthcare in the military. So don't tell me about this."
"And if you were here, it wouldn't be 200, it would be two million people because you were very late on the draw. You didn't want me to ban China, which was heavily infected. You didn't want me to ban Europe."
"You would have been much later, Joe, much later."
We're talking about two million people.
You don't know what's on the ballot. Why is it on the ballot? Why is it on the ballot? It's not on the ballot.
I don't think so.
There's nothing happening there.
You don't know her view on Roe V. Wade? You don't know here view.
That's right.
Because they want to give good healthcare.
"Yes, I have. Of course, I have. The individual mandate."
"Excuse me. I got rid of the individual mandate, which was a big chunk of Obamacare."
That is absolutely a big thing. That was the worst part of Obamacare.
"Chris, that was the worst part of Obamacare."
"Well, I'll ask Joe. The individual mandate was the most unpopular aspect of Obamacare."
I got rid of it. And we will protect people.
Go ahead.
"Well, first of all, I guess I'm debating you, not him, but that's okay. I'm not surprised. Let me just tell you something. There's nothing symbolic. I'm cutting drug prices. I'm going with Favored Nations, which no President has the courage to do because you're going against big pharma. Drug prices will be coming down 80 or 90%. You could have done it during your 47 year period in government, but you didn't do it. Nobody's done it. So we're cutting healthcare."
All of the things that we've done.
"I'll give you an example. Insulin, it was destroying families, destroying people, the cost. I'm getting it for so cheap it's like water, you want to know the truth. So cheap. Take a look at all of the drugs that what we're doing. Prescription drug prices, we're going to allow our Governors now to go to other countries to buy drugs because when they paid just a tiny fraction of what we do."
This is big stuff.
"That's not what your party says, by the way."
"Joe, you agreed with Bernie Sanders, who's far left, on the manifesto, we call it. And that gives you socialized medicine."
Are you saying you didn't agree?
Not by much.
Not by much.
If Pocahontas would have left two days early you would have lost every primary.
"On Super Tuesday, you got very lucky."
With what?
With what?
"But you agree. Joe, you're the liar. You graduated last in your class not first in your class."
"You'd be surprised. You'd be surprised. Go ahead, Joe."
"Listen, you agreed with Bernie Sanders and the manifesto."
He just lost the left.
"You just lost the left. You agreed with Bernie Sanders on a plan that you absolutely agreed to and under that plan [crosstalk 00:15:10], they call it socialized medicine."
"Who is, Bernie?"
"No, I want to give them better healthcare at a much lower price, because Obamacare is no good."
I've already fixed it.
"We've already fixed it to an extent. Obamacare, as you might know but probably don't, Obamacare is no good."
"Obamacare is no good. We made it better and I had a choice to make very early on. We took away the individual mandate. We guaranteed pre-existing conditions, but took away the individual mandate. Listen, this is the way it is. And that destroyed. They shouldn't even call it Obamacare, then I had a choice to make, do I let my people run it really well or badly? If I run it badly, they'll probably blame him, but they'll blame me. But more importantly, I want to help people. Okay. I said, You've got to run it so well. And I just had a meeting with them. They said the problem is, no matter how well you run Obamacare, it's a disaster. It's too expensive. Premiums are too high, that it doesn't work. So we do want to get rid of it. Chris, we want to get rid of that and give something that's cheaper and better."
Go ahead.
Good.
"Of course, we do."
Are you going to pack the court?
Are you going to pack the court?
He doesn't want to answer the question.
Why wouldn't you answer that question? You want to put a lot of new Supreme Court Justices. Radical left.
"Listen, who is on your list, Joe? Who's on your list?"
He's going to pack the court. He is not going to give a list.
"The people understand, Joe."
"47 years, you've done nothing. They're understand."
Wrong.
Wrong.
It's so wrong.
"So, if we would have listened to you."
"If we would've listened to you, the country would have been left wide open, millions of people would have died, not 200,000. And one person is too much. It's China's fault. It should have never happened. They stopped it from going in, but it was China's fault. And, by the way, when you talk about numbers, you don't know how many people died in China. You don't know how many people died in Russia. You don't know how many people died in India. They don't exactly give you a straight count, just so you understand. But if you look at what we've done, I closed it and you said, He's xenophobic. He's a racist and he's xenophobic, because you didn't think I should have closed our country. Wait a minute."
"You didn't think we should have closed our country because you thought it was terrible. You wouldn't have closed it for another two months. By my doing it early, in fact, Dr. Fauci said, President Trump saved thousands of lives. Many of your Democrat Governors said, President Trump did a phenomenal job. We worked with the Governor. Oh really, go take a look. The Governors said I did a phenomenal job. Most of them said that. In fact, people that would not be necessarily on my side said that, President Trump did a phenomenal job. We did. We got the gowns. We got the masks. We made the ventilators. You wouldn't have made ventilators. And now we're weeks away from a vaccine. We're doing therapeutics already. Fewer people are dying when they get sick. Far fewer people are dying. We've done a great job."
"The only thing I haven't done a good job, and that's because of the fake news, no matter what you say to them, they give you a bad press on it. It's just fake news. They give you good press, they give me bad press because that's the way it is, unfortunately. But let me just say something. I don't care. I've gotten used to it. But I'll tell you, Joe, you could never have done the job that we did. You don't have it in your blood. You could've never done that, Joe."
"Well, you didn't do very well in Swine Flu. H1-N1, you were a disaster. Your own Chief of Staff said you were a disaster."
"A far less lethal disease, by the way."
"We would have lost far more people, far more people. You would have been months late. You're months behind me, Joe."
"You don't trust Johnson & Johnson, Pfizer?"
"Well, I've spoken to the companies and we can have it a lot sooner. It's a very political thing because people like this would rather make it political than save lives."
"It is a very political thing. I've spoken to Pfizer, I've spoken to all of the people that you have to speak to, Moderna, Johnson & Johnson, and others. They can go faster than that by a lot. It's become very political because the left Or I don't know if I call them left, I don't know what I call them."
"I disagree with him. No, I disagree with both of them. And he didn't say that. He said it could be there, but it could also be much sooner. I had him in my office two days ago."
Because he said it's a possibility that we'll have the answer before November 1st. It could also be after that.
"Well, we're going to deliver it right away. We have the military all set up. Logistically, they're all set up. We have our military that delivers soldiers and they can do 200,000 a day. They're going to be delivering-"
It's all set up.
"That was said sarcastically, and you know that. That was said sarcastically."
You'll have the vaccine sooner than that.
We spoke to the scientists that are in charge-
 they will have the vaccine very soon.
"Did you use the word smart? So you said you went to Delaware State, but you forgot the name of your college. You didn't go to Delaware State. You graduated either the lowest or almost the lowest in your class. Don't ever use the word smart with me. Don't ever use that word."
"Because you know what? There's nothing smart about you, Joe. 47 years you've done nothing."
"Let me just tell you something, Joe. If you would have had the charge of what I was put through, I had to close the greatest economy of the history of our country. And by the way, now it's being built again and it's going up fast."
Okay. It's going up fast. I look forward to talking about it.
Tell that to Nancy Pelosi.
"Tell that to Nancy Pelosi, and Schumer [crosstalk 00:04:52] Chuck."
"You probably play more than I do, Joe."
"Well, he wants to shut down this country and I want to keep it open, and we did a great thing by shutting it down-"
"Wait a minute, Joe. Let me shut you down for a second, Joe, just for one second. He wants to shut down the country. We just went through it. We had to, because we didn't know anything about the disease. Now we've found that elderly people with heart problems and diabetes and different problems are very, very vulnerable. We learned a lot. Young children aren't, even younger people aren't. We've learned a lot, but he wants to shut it down. More people will be hurt by continuing. If you look at Pennsylvania, if you look at certain states that have been shut down, they have Democrat governors, all, one of the reasons they shut down is because they want to keep it shut down until after the election on November 3rd."
Because it's a political thing.
But those states-
Those states are not doing well that are shut down right now.
He wants to shut down the whole country.
"No, I think masks are okay. You have to understand, if you look I mean, I have a mask right here. I put a mask on when I think I need it. Tonight, as an example, everybody's had a test and you've had social distancing and all of the things that you have to, but I wear masks-"
"when needed. When needed, I wear masks."
"I don't wear a mask like him. Every time you see him, he's got a mask. He could be speaking 200 feet away from him and he shows up with the biggest mask I've ever seen. I will say this-"
And they've also said the opposite. They've also said-
Dr. Fauci. Dr. Fauci said the opposite.
"He said very strongly, Masks are not good. Then he changed his mind. He said, Masks are good."
I'm okay with masks. I'm not fighting masks.
Outside.
Because nobody will show up.
"Well, it's true. Nobody shows up to his rallies."
Because people want to hear what I have to say. I mean-
" I'm doing my job as a president, and I'll have 25, 35,000 people show up at airports. We use airports and hangers and we have a lot of people-"
"Well, so far we have had no problem whatsoever. It's outside. That's a big difference according to the experts. We do them outside, we have tremendous crowds, as you see, and literally on 24 hours notice. And Joe does the circles and has three people someplace."
We've had no negative effect.
"We've had no negative effect, and we've had 35, 40,000 people at these rallies."
"If you could get the crowds, you would have done the same thing. But you can't. Nobody cares."
No cares.
Yes.
Much faster.
"So we built the greatest economy in history. We closed it down because of the China plague. When the plague came in, we closed it down, which was very hard psychologically to do. He didn't think we should close it down and he was wrong. Again, two million people would be dead now instead of Still, 204,000 people is too much. One person is too much. Should have never happened from China. But what happened is we closed it down and now we're reopening and we're doing record business. We had 10.4 million people in a four month period that we've put back into the workforce. That's a record the likes of which nobody's ever seen before. And he wants to close down the He will shut it down again. He will destroy this country."
"A lot of people, between drugs and alcohol and depression, when you start shutting it down, you take a look at what's happening at some of your Democrat-run states where they have these tough shutdowns. And I'm telling you it's because they don't want to open it. One of them came out last week, you saw that, Oh, we're going to open up on November 9th. Why November 9th? Because it's after the election. They think they're hurting us by keeping them closed. They're hurting people. People know what to do. They can social distance. They can wash their hands, they can wear masks. They can do whatever they want, but they got to open these states up."
"When you look at North Carolina, when you look, and these governors are under siege, Pennsylvania, Michigan, and a couple of others, you got to open these states up. It's not fair. You're talking about almost it's like being in prison. And you look at what's going on with divorce, look at what's going on with alcoholism and drugs. It's a very, very sad thing. And he'll close down the whole country. This guy will close down the whole country and destroy our country. Our country is coming back incredibly well, setting records as it does it. We don't need somebody to come in and say, Let's shut it down."
That's wrong.
[crosstalk 00:12:19].
I have to respond to that.
"Excuse me, he made a statement."
"No, people want their schools open. They don't want to be shut down. They don't want their state shut down. They want their restaurants. I look at New York. It's so sad what's happening in New York. It's almost like a ghost town, and I'm not sure it can ever recover what they've done to New York. People want their places open. They want to get back to their lives."
"They'll be careful, but they want their schools open."
"I'm the one that brought back football. By the way, I brought back Big Ten football. It was me and I'm very happy to do it-"
 and people of Ohio are very proud of me. And you know how I found out? When [crosstalk 00:14:35].
"I paid millions of dollars in taxes, millions of dollars of income tax. And let me just tell you, there was a story in one of the papers that paid-"
"I paid $38 million one year, I paid $27 million one year."
"You'll see it as soon as it's finished, you'll see it. You know, if you wanted to, go to the Board of Elections. There's 118 page or so report that says everything I have, every bank I have, I'm totally under leveraged because the assets are extremely good, and I built a great company."
But let me tell you-
Let me-
Millions of dollars.
"Millions of dollars, yes."
Millions of dollars. And you'll get to see it. And you'll get to see it.
But let me just tell you-
"Chris, let me just say something, that it was the tax laws. I don't want to pay tax. Before I came here, I was a private developer, I was a private business people. Like every other private person, unless they're stupid, they go through the laws, and that's what it is. He passed a tax bill that gave us all these privileges for depreciation and for tax credits. We build the building and we get tax credits, like the hotel on Pennsylvania Avenue. Which by the way, was given to me by the Obama administration, if you can believe that. Now the man got fired right after that happened, but that's-"
That's okay.
But why didn't you do it over the last 25 years?
Why didn't you do it over the last 25 years?
You were a Senator and [crosstalk 00:17:21]-
"Hey, Joe, let me just tell you, Joe. In 47 months, I've done more than you've done in 47 years, Joe. We've done things that you never even thought of doing."
"Including fixing the broken military that you gave me, including taking care of your debts."
He has none.
"Why didn't you do it before, when you were vice president with Obama?"
I got it done. And you know what happened?
Our economy boomed like it's never boomed before.
Excuse me.
"They had the slowest economic recovery since 1929. It was the slowest recovery. Also, they took over something that was down here. All you had to do is turn on the lights and you pick up a lot. But they had the slowest economic recovery since 1929, and let me tell you about the stock market. When the stock market goes up, that means jobs. It also means 401ks. If you got in, if you ever became president with your ideas, you want to terminate my taxes. I'll tell you what, you'll lose. Half of the companies that have poured in here will leave. And plenty of companies that are already here, they'll leave for other places. [crosstalk 00:20:25] They will leave and you will have a depression, the likes of which you've never seen."
It wasn't blooming.
He was in booming. It was the weakest recovery since 1929.
When COVID came along.
"Excuse me, Chris, wait."
Chris.
"They said it would take No, you're on number two."
"Chris, Chris. They said it would take-"
" a miracle to bring back manufacturing. I brought back 700,000 jobs. They brought back nothing. They gave up on manufacturing."
 standard fare.
He totally gave up on manufacturing.
Ohio had the best year it's ever had last year. Michigan had the best year they've ever had.
"Many car companies came in from Germany, from Japan, went to Michigan, went to Ohio and they didn't come in with you. [crosstalk 00:21:47]."
China ate your lunch- [crosstalk 00:00:22:07].
"China ate your lunch, Joe. And no wonder your son goes in and he takes out billions of dollars. He takes out billions of dollars to manage. He makes millions of dollars. And also, while we're at it, why is it just out of curiosity, the mayor of Moscow's wife gave you a son three and a half million dollars?"
What did he do to deserve it? What did he do with-
" to deserve $183,000?"
"Oh really, he didn't get three and a half million?"
"Well wait, he didn't get three and a half million dollars, Joe?"
He got three and a half million-
 dollars.
"Oh, really?"
It's a fact.
"Did Burisma pay him 183,000 a month, with no experience in energy?"
I think he did.
By who?
The media.
"By the media, because they refuse to talk about it-"
 because they're embarrassed.
"So let me ask you this, Joe- [crosstalk 00:23:35]."
He got three and a half million dollars from Moscow.
"Oh, really?"
I'd like to know who they are.
I'll fire them.
Some people don't do a good job.
"Hey, let me just tell you, Joe-"
"Three and a half million, Joe."
Why did he deserve three and a half million from Moscow?
My family-
My family lost a fortune by coming down and helping us with governance.
Every single one of them lost a fortune-
"Chris, can I be honest? It's a very important question-"
He stood up-
 and the threatened Ukraine-
 with a billion dollars-
"Well, and him too."
"Well, that's all right, but he does plenty."
He does plenty.
"Oh yeah, sure."
That's true.
So-
"You did a crime bill, 1994, where you call them super predators. African-Americans are super predators and they've never forgotten it. They've never forgotten it."
"So you did that and they call you a super predator and I'm letting people out of jail now, that you have treated the African-American population community, you have treated the black community about as bad as anybody in this country. You did the 1990 And that's why, if you look at the polls, I'm doing better than any Republican has done in a long time, because they saw what you did. You call them super predators, and you've called them worse than that. Because you look back at your testimony over the years, you've called them a lot worse than that. As far as the church is concerned and as far as the generals are concerned, we just got the support of 250 military leaders and generals, total support. Law enforcement, almost every law enforcement group in the United States. I have Florida. I have Texas. I have Ohio. I have every Excuse me, Portland, the sheriff just came out today and he said, I support President Trump."
"I don't think you have any law enforcement. You can't even say the word law enforcement. Because if you say those words, you're going to lose all of your radical left supporters. And why aren't you saying those words, Joe? Why don't you say the words law enforcement? Because you know what? If called us in Portland, we would put out that fire in a half an hour. But they won't do it, because they're run by radical left Democrats. If you look at Chicago, if you look at any place you want to look, Seattle, they heard we were coming in the following day and they put up their hands and we got back Seattle. Minneapolis, we got it back, Joe, because we believe in law and order, but you don't. The top 10 cities and just about the top 40 cities are run by Democrats, and in many cases radical left. And they've got you wrapped around their finger, Joe, to a point where you don't want to say anything about law and order. And I'll tell you what, the people of this country want and demand law and order and you're afraid to even say it."
What is peaceful protest? When they run through the middle of the town-
 and burn down your stores and kill people all over the place- [crosstalk 00:32:14].
"No it's not, but you say it is."
Fine.
"I ended it because it's racist. I ended it because a lot of people were complaining that they were asked to do things that were absolutely insane. That it a radical revolution that was taking place in our military, in our schools, all over the place. And you know it, and so does everybody else. And he would know it- [crosstalk 00:33:02]"
"If you were a certain person, you had no status in life. It was sort of a reversal. And if you look at the people, we were paying people hundreds of thousands of dollars to teach very bad ideas and frankly, very sick ideas. And really, they were teaching people to hate our country And I'm not going to do that. I'm not going to allow that to happen. We have to go back to the core values of this country. They were teaching people that our country is a horrible place. It's a racist place. And they were teaching people to hate our country. And I'm not going to allow that to happen."
You just don't know.
"During the Obama-Biden administration, there was tremendous division. There was hatred. You look at Ferguson, you look at, or you go to very Many places, look at Oakland. Look what happened in Oakland. Look what happened in Baltimore. Look what happened Frankly, it was more violent than what I'm even seeing now."
But the reason-
 is that the Democrats that run these cities-
" don't want to talk, like you, about law and order."
And you still haven't mentioned. Are you in favor of law and order?
Are you in favor of law and order? [crosstalk 00:35:17]
Okay.
It went down much more in ours.
The places we had trouble were democratic run cities-
"I think as a party issue, you can bring in a couple of examples but if you look at Chicago, what's going on in Chicago where a 53 people were shot and eight died shot, if you look at New York where it's going up, like nobody's ever seen anything. The numbers are going up a 100%, 150%, 200% crime, it is crazy what's going on and he doesn't want to say law and order because he can't because he'll lose his radical left supporters and once he does that, it's over with. But if he ever got to run this country and they ran it the way he would want to run it, we would have by the way our suburbs would be gone. And you would see problems like you've never seen before."
"Oh, I know suburbs so much that you."
That's not what they are talking about this. That's not what it is about. He's talking about defunding the police.
He doesn't have any law support. He has no law enforcement.
"He has almost nothing. Oh, really, who do you have name one group that supports you name one group that came out and supported you. Go ahead. Think we have time."
"No, no think right now. Name one law enforcement group that came out in support of you."
There aren't any.
He's never done that.
Oh really? I sent in the US Marshalls to get the killer of a young man in the middle of the street and they shot him for three days Portland didn't do anything. I sent in the US Marshals they took care of business.
I don't know who said that.
Who?
I don't think she said that.
I don't think so.
Does it mean I have to answer his stuff.
"Wait a second, you have made a statement."
I would love to end it.
"I'll send in the National Guard, it would be over. That'd be no problem. But I don't want to accept the National Guard."
"Sure, I'm will to do that."
I would say almost everything I see is from the left wing not from the right wing.
I'm willing to do anything. I want to see peace.
"What do you want to call them? Give me a name, give me a name, go ahead who do you want me to condemn."
"Proud Boys, stand back and stand by. But I'll tell you what somebody's got to do something about Antifa and the left because this is not a right wing problem this is a left wing."
Oh you got to be kidding me.
"Well, then you know what, he's wrong."
Antifa is bad.
"You know what, Antifa is a dangerous radical group."
"And you ought to be careful of them, they'll over throw you."
"Because there is never been an administration or president who has done more than I've done in a period of three and a half years. And that's despite the impeachment hoax and you so what happened today with Hillary Clinton, where it was a whole big con job. But despite going through all of these things where I had a fight, both flanks and behind me and above there has never been an administration that's done what I've done. The greatest, before COVID came in the greatest economy in history, lowest unemployment numbers, everything was good. Everything was going."
"And by the way, there was unity going to happen. People were calling me for the first time in years, they were calling and they were saying it's time maybe and then what happened? We got hit. But now we're building it back up again. A rebuilding of the military, including Space Force and all of the other things. A fixing of the VA which was a mess under him, 308,000 people died because they didn't have proper health care. It was a mess. And we now got a 91% approval rating at the VA, our vets. We take care of our vets. But we've rebuilt our military. And I'll tell you something, some people say maybe the most important by the end of the first term I'll have approximately 300 Federal judges and Court of Appeals judges, 300 and hopefully three great Supreme Court judges, justices that is a record the likes of which very few people and one of the reasons I'll have so many judges because President Obama and him left me 128 judges to fill."
"When you leave office, you don't leave any judges. That's like, you just don't do that. They left 128 openings and if I were a member of his party, because they have a little different philosophy, I'd say, if you left us 128 openings you can't be a good president. You can't be a good vice president but I want to thank you because it gives us almost, it'll probably be above that number. By the end of this term, 300 judges. It's a record."
You son got three and a half million dollars.
Really?
"Are you talking Hunter, are you talking about Hunter."
I don't know Beau. I know Hunter. Hunter got thrown out of the military. He was thrown out dishonorably discharged.
For cocaine use. And he didn't have a job until you became vice president.
"Once you became vice president he made a fortune in Ukraine, in China, in Moscow and various other places."
He made a fortune and he didn't have a job.
But why was he given tens of millions of dollars?
I know but when somebody gets three and a half million dollars from the Mayor of Moscow.
Why did he get it?
"I want crystal clean water and air. I want beautiful clean air. We have now the lowest carbon If you look at our numbers right now, we are doing phenomenally. But I haven't destroyed our businesses. Our businesses aren't put out of commission. If you look at the Paris Accord, it was a disaster from our standpoint. And people are actually very happy about what's going on because our businesses are doing well. As far as the fires are concerned, you need forest management. In addition to everything else, the forest floors are loaded up with trees, dead trees that are years old and they're like tinder and leaves and everything else. You drop a cigarette in there the whole forest burns down. You've got to have forest management."
"I believe that we have to do everything we can to have immaculate air immaculate water and do whatever else we can that's good. We're planting a billion trees, the Billion Tree Project and it's very exciting for a lot of people."
"I think a lot of things do, but I think to an extent, yes. I think to an extent, yes, but I also think we have to do better management of our forest. Every year I get the call. California's burning, California's burning. If that was cleaned, if that were, if you had forest management, good forest management, you wouldn't be getting those calls. In Europe, they live they're forest cities. They call forest cities. They maintain their forest. They manage their forest. I was with the head of a major country, it's a forest city. He said, Sir, we have trees that are far more, they ignite much easier than California. There shouldn't be that problem. I spoke with the Governor about it. I'm getting along very well with the governor. But I said, At some point you can't every year have hundreds of thousands of acres of land just burned to the ground. That's burning down because of a lack of management."
Because it was driving energy prices through the sky.
"Well, not really because what's happening is the car is much less expensive and it's a much safer car and you talk it about a tiny difference. And then what would happen because of the cost of the car you would have at least double and triple the number of cars purchased. We have the old slugs out there that are 10, 12 years old. If you did that, the car would be safer. It would be much cheaper by $3,500."
"No, but you would take a lot of cars off the market because people would be able to afford a car. Now, by the way, we're going to see how that turns out. But a lot of people agree with me, many people. The car has gotten so expensive because they have computers all over the place for an extra little bit of gasoline. And I'm okay with electric cars too. I think I'm all for electric cars. I've given big incentives for electric cars but what they've done in California is just crazy."
Not true. Not true-
"He's talking about the Green New Deal. And it's not 2 billion [crosstalk 00:55:45] or 20 billion, as you said [crosstalk 00:55:46]. It's $100 trillion."
And rebuild the building.
It's the dumbest-
 most ridiculous [crosstalk 00:55:56] where two car systems are out-
 where they want to take out the cows too.
"That's not true either, right?"
This is a 100 trillion-
That's more money than our country could make in 100 years [crosstalk 00:02:10]-
100 million dollars.
I never said that at all-
They made it up.
You make up a lot-
"Wait a minute, Chris. So why didn't he do it for 47 years? You were vice president-"
"So why didn't you get the world China sends up real dirt into the air. Russia does. India does. They all do. We're supposed to be good. And by the way, he made a couple of statements. The Green New Deal is a hundred trillion dollars."
"He made a statement about the military. He said I said something about the military. He and his friends made it up, and then they went with it. I never said it."
He called the military stupid bastards.
He said it on tape. [crosstalk 00:58:32]-
I would never say that [crosstalk 00:58:35]-
You're on tape-
"Oh, you don't? Oh, well, that's a big statement."
You just lost the radical left.
"So when I listen to Joe talking about a transition, there has been no transition from when I won. I won that election. And if you look at crooked Hillary Clinton, if you look at all of the different people, there was no transition, because they came after me trying to do a coup. They came after me spying on my campaign. They started from the day I won, and even before I won. From the day I came down the escalator with our first lady, they were a disaster. They were a disgrace to our country, and we've caught them. We've caught them all. We've got it all on tape. We've caught them all. And by the way, you gave the idea for the Logan Act against General Flynn. You better take a look at that, because we caught you in a sense, and President Obama was sitting in the office."
"He knew about it too. So don't tell me about a free transition. As far as the ballots are concerned, it's a disaster. A solicited ballot, okay, solicited, is okay. You're soliciting. You're asking. They send it back. You send it back. I did that. If you have an unsolicited They're sending millions of ballots all over the country. There's fraud. They found them in creeks. They found some, just happened to have the name Trump just the other day in a wastepaper basket. They're being sent all over the place. They sent two in a Democrat area. They sent out a thousand ballots. Everybody got two ballots. This is going to be a fraud like you've never seen. The other thing, it's nice. On November 3rd, you're watching, and you see who won the election. And I think we're going to do well because people are really happy with the job we've done."
"But you know what? We won't know. We might not know for months because these ballots are going to be all over. Take a look at what happened in Manhattan. Take a look at what happened in New Jersey. Take a look at what happened in Virginia and other places. They're not losing 2%, 1%, which by the way is too much. An election could be won or lost with that. They're losing 30 and 40%. It's a fraud, and it's a shame. And can you imagine where they say, You have to have your ballot in by November 10th. November 10th. That's seven days after the election, in theory, should have been announced. We have major states [crosstalk 01:03:58] with that-"
 all run by Democrats-
All run by Democrats.
It's a rigged election.
"Yeah. I think I'm counting on them to look at the ballots, definitely. I hope we don't need them, in terms of the election itself. But for the ballots, I think so, because what's happening is incredible. I read today where at least 1% of the ballots for 2016 were invalidated. They take them. We don't like them. We don't like them. They throw them out-"
 left and right.
"What you do is you go and vote. You do a solicited ballot, and that's okay-"
You go and vote. You go and vote-
"You either do, Chris, a solicited ballot, where you're sending it in, they're sending it back and you're sending. They have mailmen with lots of it. Did you see what's going on? Take a look at West Virginia, mailman selling the ballots. They're being sold. They're being dumped in rivers. This is a horrible thing for our country."
This is not going to end well.
This is not going to end well-
You're wrong. You're wrong [crosstalk 01:06:04]. I love counting the votes [crosstalk 01:06:05]-
"Chris, he's so wrong when he makes a statement like that-"
Excuse me [crosstalk 01:07:11]-
"You know it can't be done. You know it can't, and already, there's been fraud [crosstalk 01:07:19]-"
Could be months-
"I'm urging my supporters to go in to the polls and watch very carefully, because that's what has to happen. I am urging them to do it. As you know, today there was a big problem. In Philadelphia, they went in to watch. They're called poll watchers, a very safe, very nice thing. They were thrown out. They weren't allowed to watch. You know why? Because bad things happen in Philadelphia. Bad things. And I am urging my people. I hope it's going to be a fair election. If it's a fair election-"
" I am 100% on board. But if I see tens of thousands of ballots being manipulated, I can't go along with that. And I'll tell you why-"
 from a common sense-
I'll tell you what it means-
It means you have a fraudulent election. You're sending out 80 million ballots-
"They're not equipped These people aren't equipped to handle it, number one. Number two, they cheat. They cheat. Hey, they found ballots in a wastepaper basket three days ago, and they all had the name military ballots. There were military. They all had the name Trump on them."
You think that's good?
It's already been established. Take a look at Carolyn Maloney's race-
I want to see an honest ballot cut-
I want to see an honest ballot count.
And I think he does too-
How are you doing? 
"So as you know, 2.2 million people modeled out, were expected to die. We closed up the greatest economy in the world in order to fight this horrible disease that came from China. It's a worldwide pandemic. It's all over the world. You see the spikes in Europe and many other places right now. If you notice, the mortality rate is down 85%. The excess mortality rate is way down and much lower than almost any other country. And we're fighting it and we're fighting it hard. There is a spike. There was a spike in Florida and it's now gone."
"There was a very big spike in Texas. It's now gone. There was a very big spike in Arizona. It's now gone. And there was some spikes and surges and other places, they will soon be gone. We have a vaccine that's coming. It's ready. It's going to be announced within weeks. And it's going to be delivered. We have Operation Warp Speed, which is the military is going to distribute the vaccine."
"I can tell you from personal experience, I was in the hospital. I had it and I got better. And I will tell you that I had something that they gave me, a therapeutic, I guess they would call it. Some people could say it was a cure, but I was in for a short period of time. And I got better very fast or I wouldn't be here tonight. And now they say I'm immune. Whether it's four months or a lifetime, nobody's been able to say that, but I'm immune. More and more people are getting better. We have a problem that's a worldwide problem. This is a worldwide problem, but I've been congratulated by the heads of many countries on what we've been able to do. If you take a look at what we've done in terms of goggles and masks and gowns and everything else, and in particular ventilators we're now making ventilators all over the world, thousands and thousands a month distributing them all over the world. It will go away. And as I say, we're rounding the turn. We're rounding the corner. It's going away."
"No, it's not a guarantee, but it will be by the end of the year. But I think it has a good chance. There are two companies, I think within a matter of weeks and it will be distributed very quickly."
"Johnson & Johnson is doing very well. Moderna is doing very well. Pfizer is doing very well and we have numerous others. Then we also have others that we're working on very closely with other countries, in particular Europe."
"No, I think my timeline is going to be more accurate. I don't know that they're counting on the military the way I do, but we have our generals lined up, one in particular that's the head of logistics and this is a very easy distribution for him. He's ready to go. As soon as we have the vaccine and we expect to have a 100 million vials. As soon as we have the vaccine, he's ready to go."
"I don't think we're going to have a dark winter at all. We're opening up our country. We've learned and studied and understand the disease, which we didn't at the beginning. When I closed and banned China from coming in heavily infected and then ultimately Europe, but China was in January. Months later, he was saying I was xenophobic. I did it too soon. Now he's saying, Oh, I should have moved quicker,but he didn't move quicker. He was months behind me, many months behind me."
"And frankly, he ran the H1N1 swine flu and it was a total disaster. Far less lethal, but it was a total disaster. Had that had this kind of numbers, 700,000 people would be dead right now, but it was a far less lethal disease. Look, his own person who ran that for him, who, as you know, was his chief of staff said, It was catastrophic. It was horrible. We didn't know what we were doing.Now he comes up and he tells us how to do this."
"Also, everything that he said about the way every single move that he said we should make, that's what we've done. We've done all of it. But he was way behind us."
"99% of people recover. We have to recover. We can't close up our nation. We have to open our school and we can't close up our nation, or you're not going to have a nation."
"Excuse me. I take full responsibility. It's not my fault that it came here. It's China's fault. And you know what? It's not Joe's fault that it came here either. It's China's fault. They kept it from going into the rest of China for the most part, but they didn't keep it from coming out to the world, including Europe and ourselves."
"Look, perhaps just to finish this, I was kidding on that, but just to finish this, when I closed he said I shouldn't have closed. And that went on for months. Nancy Pelosi said the same thing. She was dancing on the streets in Chinatown, in San Francisco. But when I closed, he said, This is a terrible thing, you xenophobic.I think he called me racist even, because I was closing it to China. Now he says I should have closed it earlier. Joe, it doesn't."
You certainly did. You certainly did.
"He thought I shouldn't have closed the border, that's obvious."
"I think we have to respond, if I might."
"Thank you, and I appreciate that. Look, all he does is talk about shut downs. But forget about him. His Democrat Governors, Cuomo in New York, you look at what's going on in California, you look at Pennsylvania, North Carolina, Democrats, Democrats all, they're shut down so tight and they're dying. They're dying. And he supports all these people. All he talks about is shut downs. No, we're not going to shut down. And we have to open our schools. And it's like, as an example, I have a young son, he also tested positive. By the time I spoke to the doctor the second time, he was fine. It just went away. Young people, I guess, it's their immune system."
"I want to open the schools. The transmittal rate to the teachers is very small. But I want to open the schools. We have to open our country. We're not going to have a country. You can't do this. We can't keep this country closed. This is a massive country with a massive economy. People are losing their jobs. They're committing suicide. There's depression, alcohol, drugs at a level that nobody's ever seen before. There's abuse, tremendous abuse. We have to open our country. I've said it often, the cure cannot be worse than the problem itself, and that's what's happening. And he wants to close down. He'll close down the country if one person in our massive bureaucracy says we should close it down."
"By the way, I will say this, If you go and look at what's happened to New York, it's a ghost town. It's a ghost town. And when you talk about plexiglass, these are restaurants that had dying. These are businesses with no money. Putting up plexiglass is unbelievably expensive, and it's not the answer. I mean, you're going to sit there in a cubicle wrapped around with plastic. These are businesses that are dying, Joe. You can't do that to people. You just can't. Take a look at New York and what's happened to my wonderful city. For so many years, I loved it. It was vibrant. It's dying. Everyone's leaving New York."
"Kristen, New York has lost more than 40,000 people, 11,000 people in nursing homes."
"When you say spike, take a look at what's happening in Pennsylvania where they've had it closed. Take a look at what's happening with your friend in Michigan, where her husband's the only one allowed to do anything. It's been like a prison. Now, it was just ruled unconstitutional. Take a look at North Carolina, they're having spikes and they've been closed, and they're getting killed financially. We can't let that happen, Joe. You can't let that happen. We have to open up. And we understand the disease. We have to protect our seniors. We have to protect our elderly. We have to protect especially our seniors with heart problems and diabetes problems. And we will protect. We have the best testing in the world by far. That's why we have so many cases."
"I'm listening to all of them, including Anthony. I get along very well with Anthony."
" think to all of them, including Anthony. I get along very well with Anthony, but he did say, Don't wear masks.He did say, as you know, This is not going to be a problem.I think he's a Democrat, but that's okay. He said, This is not going to be a problem. We are not going to have a problem at all.When Joe says that I said, Anthony Fauci said, and others, and many others. And I'm not knocking him, nobody knew. Look, nobody knew what this thing was. Nobody knew where it was coming from, what it was. We've learned a lot. But Anthony said Don't wear masks,now he wants to wear masks. Anthony also said, if you look back, exact words, here's his exact words. This is no problem. This is going to go away soon.So he's allowed to make mistakes. He happens to be a good person."
"Well, this is what I-"
[crosstalk 00:28:34] I don't know. Somebody went through Wall Street. You're the one that takes all the money from Wall Street. I don't take it.
"Joe, you have raised a lot of money, tremendous amounts of money. And every time you raise money deals are made, Joe. I could raise so much more money. As President, and as somebody that knows most of those people, I could call the heads of Wall Street, the heads of every company in America. I would blow away every record. But I don't want to do that because it puts me in a bad position. And then you bring up Wall Street? You shouldn't be bringing up Wall Street, because you're the one that takes the money from Wall Street, not me. I could blow away your records like you wouldn't believe. We don't need money. We have plenty of money. In fact, we beat Hillary Clinton with a tiny fraction of the money that she was able to [crosstalk 00:29:15]"
Don't tell me about [crosstalk 00:29:17].
"Well, let me respond to the first part, as Joe answered. Joe got $3.5 million from Russia and it came through Putin, because he was very friendly with the former mayor of Moscow and it was the mayor of Moscow's wife. And you got $3.5 million. Your family got $3.5 million. And someday you're going to have to explain, why did you get three and a half? I never got any money from Russia. I don't get money from Russia."
"Now, about your thing last night. I knew all about that. And through John  who is John Ratcliffe, who is fantastic, DNI  he said the one thing that's common to both of them."
"They both want you to lose because there has been nobody tougher to Russia between the sanctions, nobody tougher than me on Russia, between the sanctions, between all of what I've done with NATO. I've got the NATO countries to put up an extra $130 billion going to $420 billion a year. That's to guard against Russia. I sold, while he was selling pillows and sheets, I sold tank busters to Ukraine. There has been nobody tougher on Russia than Donald Trump."
"And I'll tell you, they were so bad. They took over the submarine port, you remember that very well, during your term, during you and Barack Obama. They took over a big part of what should have been Ukraine. You handed it to them. But you were getting a lot of money from Russia. They were paying you a lot of money, and they probably still are. But now, with what came out today, it's even worse. All of the emails, the emails, the horrible emails of the kind of money that you were raking in, you and your family. And Joe, you were vice-president when some of this was happening, and it should have never happened. And I think you owe an explanation to the American people. Why is it, somebody just had a news conference a little while ago who was essentially supposed to work with you and your family, but what he said was damning. And regardless of me, I think you have to clean it up and talk to the American people. Maybe you can do it right now."
"First of all, I called my accountants, underwrote it, I'm going to release them as soon as we can. I want to do it. And it'll show how successful, how great this company is. But much more importantly than that, people were saying $750. I asked them a week ago, I said, What did I pay?They said, Sir, you prepaid tens of millions of dollars.I prepaid my tax, over the last number of years, tens of millions of dollars, I prepaid, because at some point, they think it's an estimate. They think I may have to pay tax. So I already prepaid it. Nobody told me that. Nobody told you that."
"Excuse me. And it wasn't written. Whenever they write this, they keep talking about $750, which I think is a filing fee, but let me just tell you, I prepaid millions and millions of dollars in taxes, number one."
"Number two, I don't make money from China. You do. I don't make money from Ukraine. You do. I don't make money from Russia. You made $3.5 million, Joe, and your son gave you, they even have a statement that we have to give 10% to the big man. You're the big man, I think. I don't know, maybe you're not, but you're the big man, I think. Your son said we have to give 10% to the big men. Joe, what's that all about? It's terrible."
"As soon as the auditors finish. I get treated worse than the tea party got treated, because I have a lot of people in there-"
" deep down in the IRS, they treat me horribly. We made a deal, it was all settled until I decide to run for president. I get treated very badly by the IRS, very unfairly, but we had a deal all done. As soon as we're completed with the deal, I want to release it, but I have paid millions and millions of dollars and it's worse than paying. I paid in advance. It's called prepaying your taxes. I paid [crosstalk 00:04:32]."
Everybody knows.
So
"I was put through a phony witch hunt for three years. It started before I even got elected. They spied of my campaign. No president should ever have to go through what I went through. Let me just say this, Mueller and 18 angry Democrats and FBI agents all over the place spent $48 million. They went through everything I had, including my tax returns, and they found absolutely no collusion and nothing wrong. $48 million. I guarantee you, if I spent $1 million on you, Joe, I could find plenty wrong because the kind of things-"
" that you've done and the kind of monies that your family has taken, I mean, your brother made money in Iraq-"
" millions of dollars. Your other brother made a fortune, and it's all through you, Joe. And they say you get some of it. And you do live very well, you have houses all over the place. You live very well."
[crosstalk 00:07:25]
But could I just one thing?
"His son didn't have a job for a long time, was, sadly, no longer in the military service, I won't get into that, and he didn't have a job. As soon as he became vice-president, Burisma, not the best reputation in the world, I hear they paid him $183,000 a month, listen to this, $183,000, and they gave him a $3 million upfront payment, and he had no energy experience. That's 100% dishonest."
"I have many bank accounts and they're all listed and they're all over the place. I mean, I was a businessman doing business. The bank account you're referring to, which is, everybody knows about it, it's listed, the bank account was in 2013. That's what it was. It was opened. It was closed in 2015, I believe. And then I decided, because I was going to do I was thinking about doing a deal in China, like millions of other people, I was thinking about it and I decided I'm not going to do it, didn't like it, I decided not to do it, had an account open and I closed it."
"Excuse me. And then, unlike him where he's vice-president and he does business, I then decided to run for president after that. That was before. So I closed it before I even ran for president, let alone became president, big difference. He is the vice-president of the United States and his son, his brother, and his other brother are getting rich. They're like a vacuum cleaner. They're sucking up money [crosstalk 00:09:20]."
"No, no, no."
"Excuse me. No, I have to"
"Excuse me. No, I have to respond to that."
His son walked out with a billion and a half dollars from China to 
" after spending 10 minutes in office and being in Air Force Two. Number one. Number two, there's a very strong email talking about your family wanting to make $10 million a year for introductions."
"No, but wait a minute."
"First of all, China is paying. They're paying billions and billions of dollars. I just gave $28 billion."
I just gave $28 billion to our farmers.
It's what?
"No, no. You know who the taxpayer is? It's called China."
"China pays 28 billion, and you know what they did to pay it, Joe? They devalued their currency and they also paid up, and you know got the money? Our farmers, our great farmers, because they were targeted. You never charged them anything. Also, I charged them 25% on dumped steel, because they were killing our steel industry. We were not going to have a steel industry."
And now we have a steel industry.
That is a typical statement.
"Excuse me. Just for one second, please."
"That's a typical political statement. Let's get off this China thing, and then he looks, The family around the table, everything.Just a typical politician when I see that. I'm not a typical politician."
"That's why I got elected. Let's get off the subject of China. Let's talk about sitting around the table. Come on, Joe. You could do better."
No.
"So when I met with Barack Obama, we sat in the White House, right at the beginning, had a great conversation. Was supposed to be 15 minutes and it was well over an hour. He said, The biggest problem we have is North Korea.He indicated we will be in a war with North Korea. Guess what? It would be a nuclear war. And he does have plenty of nuclear capability. In the meantime, I have a very good relationship with him. Different kind of a guy, but he probably thinks the same thing about me. We have a different kind of a relationship. We have a very good relationship and there's no war. And about two months ago, he broke into a certain area. They said, Oh, there's going to be trouble.I said, No, they're not, because he's not going to do that.And I was right. Look, instead of being in a war where millions of people, Seoul is 25 miles away, millions and millions, 32 million people. Millions of people would be dead right now. We don't have a war and I have a good relationship."
Kristen.
They tried to meet with him. He wouldn't do it. He didn't like Obama. He didn't like him. He wouldn't do it.
"I know for a fact. They tried. We wouldn't do it. And that's okay. You know what? North Korea, we're not in a war. We have a good relationship. People don't understand. Having a good relationship with leaders of other countries is a good thing."
And it didn't happen.
Excuse me. He left me a mess. Kristen.
"They left me a mess. North Korea was a mess, and in fact, if you remember the first two or three months. It was a very dangerous period in my first three months before we worked things out a little bit."
"There was a very day. They left us a mess, and Obama would be, I think, the first to say it, was the single biggest problem he thought that our country [crosstalk 00:17:03]."
"First of all, I've already done something that nobody thought was possible. Through the legislature, I terminated the individual mandate. That is the worst part of Obamacare, as we call it. The individual mandate where you have to pay a fortune for the privilege of not having to pay for bad health insurance, I terminated. It's gone. Now, it's in court, because Obamacare is no good. But then I made a decision, run it as well as you can, to my people, great people, run it as well as you can. I could have gone the other route and made everybody very unhappy. They ran it. Premiums are down. Everything's down. Here's the problem. No matter how well you run it, it's no good. What we'd like to do is terminate it. We have the individual mandate done. I don't know that it's going to work. If we don't win, we will have to run it and we'll have Obamacare, but it'll be better run. But it no longer is Obamacare, because without the individual mandate, it's much different."
"Pre-existing conditions will always stay. What I would like to do is a much better healthcare, much better. We'll always protect people with pre-existing. So I'd like to terminate Obamacare, come up with a brand new, beautiful healthcare. The Democrats will do it, because there'll be tremendous pressure on them. And we might even have the House by that time. And I think we're going to win the House. You'll see, but I think we're going to win the House. But come up with a better healthcare, always protecting people with pre-existing conditions. And one thing very important, we have 180 million people out there that have great private healthcare. Far more than we're talking about with Obamacare. Joe Biden is going to terminate all of those policies. These are people that love their healthcare. People that have been successful, middle-income people, been successful. They have 180 million plans, 180 million people, families. Under what he wants to do, which will basically be socialized medicine, he won't even have a choice, they want to terminate 180 million plans. We have done an incredible job at healthcare, and we're going to do even better. Just you watch."
Excuse me. He was there-
" for 47 years. He didn't do it. He was now there as vice president for eight years. And it's not like it was 25 years ago. It was three and three quarters It was just a little while ago, right? Less than four years ago. He didn't do anything. He didn't do it. He wants socialized medicine. And it's not that he wants it. His vice president, she is more liberal than Bernie Sanders and wants it even more. Bernie Sanders wants it. The Democrats want it. You're going to have socialized medicine, just like you want it with fracking. We're not going to have fracking. We're going to stop fracking. We're going to stop fracking.Then he goes to Pennsylvania after he gets a nomination, where he got very lucky to get it. And he goes to Pennsylvania, and he says, Oh, we're going to have fracking.And you never ask that question. And by the way, so far, I respect very much the way you're handling this, I have to say."
But somebody should ask the question.
"He goes for a year, there will be no fracking."
There will be no petroleum-
"No, no. But that's a big question."
It's the same thing with socialized medicine.
"Kristen, when he says-"
"When he says public option, he's talking about socialized medicine and healthcare. When he talks about a public option, he's talking about destroying your Medicare, totally destroying-"
 and destroying your Social Security. And this whole country will come down. Bernie Sanders tried it in his state.
He tried it in his state. His governor was a very liberal governor. They wanted to make it work.
It was impossible to work.
It doesn't work.
He tried to get rid of-
He tried to hurt Social Security years ago. Years ago. Go back and look at the records. He tried to hurt Social Security years ago. One thing. But this is the guy-
 that when they announced last week-
"They say the stock market will boom if I'm elected. If he's elected, the stock market will crash."
The biggest analysts are saying that.
"401(k)s. Kristen, 401(k)s are through the roof."
People's stock are through the roof.
And he doesn't come from Scranton. He lived there for a short period of time before he even knew it.
And he left. And the people of Pennsylvania will show you that.
They understand.
Because Nancy Pelosi doesn't want to approve it. I do.
"I do. But I still have to get, unfortunately That's one of the reasons I think we're going to take over the House, because of her. Nancy Pelosi doesn't want to approve anything because she'd love to have some victories on a date called November 3rd. Nancy Pelosi does not want to approve it. We are ready, willing, and able to do something. Don't forget, we've already approved three plans. And it's gone through, including the Democrats, in all fairness. This one, she doesn't want. It's near the election. Because she thinks it helps her politically. I think it hurts her politically."
"If we made a deal, the Republicans will pass it."
"The bill that was passed in the House was a bailout of badly run, high crime, Democrat, all run by Democrat cities and states. It was a way of getting a lot of money, billions and billions of dollars, to these guys. It was also a way of getting a lot of money from our people's pockets to people that come into our country illegally. We were going to take care of everything for them. And I'd love to do that. I'd love to help them. But what that does, everybody all over the world will start pouring into our country. We can't do it. This was a way of taking care of them. This was a way of spending on things that had nothing to do with COVID, as per your question. But it was really a big bailout for badly run Democrat cities and states."
Excuse me. One thing very quickly. He said we have to help our small businesses by raising the minimum wage. That's not helping. I think it should be a state option. Alabama is different than New York. New York is different from Vermont. Every state is different. It should be a state option.
It's very important. We have to help our small businesses.
"How are you helping your small businesses when you're forcing wages? What's going to happen, and what's been proven to happen, is when you do that, these small businesses fire many of their employees."
Say it. Say it.
"What I really like, and I would consider it to an extent-"
"But what I really like In a second administration. But not to a level that's going to put all these businesses out of business. It should be a state option. Look, I've lived-"
" in different places. I know different places. They're all different. Some places, $ 15 is not so bad. In other places, other states, $15 would be ruinings."
"Children are brought here by coyotes and lots of bad people, cartels"
"[inaudible 00:33:00] and lots of bad people, cartels, and they're brought here and they used to use them to get into our country. We now have as strong a border as we've ever had. We're over 400 miles of brand new wall. You see the numbers. And we let people in, but they have to come in legally and they come in through [crosstalk 00:00:17]-"
"But let me just tell you. Let me just tell you. They built cages. They used to say I built the cages, and then they had a picture in a certain newspaper, and it was the picture of these horrible cages and they said, Look at these cages. President Trump built them.And then it was determined they were built in 2014. That was him. They built cages."
Yes. We're working on it very We're trying very hard. But a lot of these kids come out without the parents. They come over through cartels and through coyotes and through gangs.
"Kristen, they did it. We changed the policy. They did it. We changed."
"They built the cages. Who built the cages, Joe?"
"Kristen, I will say this. They went down. We brought reporters, everything. They are so well taken care of. They're in facilities that were so clean."
"They have gotten such good But just ask one question. Who built the cages? I'd love you to ask him that. Who built the cages, Joe?"
"Kristen, he had eight years to do what he said he was going to do. And I've changed. Without having a specific, we got rid of catch and release. We got rid of a lot of horrible things that they put in and that they lived with. But he had eight years he was Vice President. He did nothing except build cages to keep children in."
"So important. It just shows that he has no understanding of immigration, of the laws. Catch and release is a disaster. A murderer would come in. A rapist would come in. A very bad person would come in. We would take their name. We have to release them into our country. And then you say they come back. Less than 1% of the people come back. We have to send ICE out and Border Patrol out to find them. We would say, Come back in two years, three years. We're going to give you a court case. You did Perry Mason. We're going to give you a court case.When you say they come back, they don't come back, Joe. They never come back. Only the really I hate to say this, but those with the lowest IQ, they might come back, but there are very, very few."
"You don't know the law, Joe."
"Well, check it out. They don't come back."
"But we don't have to worry about it, because they terminated it. So we don't have to worry about it anymore, Joe."
Go ahead.
"Yes, I do. And again, he's been in government 47 years, he never did a thing, except in 1994, when he did such harm to the black community, and they were called  and he called them superpredators. And he said that, he said it, superpredators. And they never lived that down. 1994, your crime bill, the superpredators. Nobody has done more for the black community than Donald Trump. And if you look, with the exception of Abraham Lincoln, possible exception, but the exception of Abraham Lincoln, nobody has done what I've done. Criminal justice reform, Obama and Joe didn't do it. I don't even think they tried because they had no chance at doing it. They might've wanted to do it. But if you had to see the arms I had to twist to get that done, it was not a pretty picture. And everybody knows it, including some very liberal people that cried in my office. They cried in the Oval Office."
"Two weeks later, they're out saying, Gee, we have to defeat him.Criminal justice reform, prison reform, Opportunity Zones with Tim Scott, a great Senator from South Carolina. He came in with this incredible idea for Opportunity Zones. It's one of the most successful programs. People don't talk about it. Tremendous investment is being made, biggest beneficiary, the black and Hispanic communities. And then Historically Black Colleges and Universities, after three years of coming to the office, I love some of those guys, they were great. They came into the office and I said, What are you doing?After three years, I said, Why do you keep coming back?Because we have no funding.I said, You don't have to come back every year.We have to come back."
"Because President Obama would never give them long-term funding and I did. 10 year long-term funding and I gave them more money than they asked for because I said, I think you need more.And I said, The only bad part about this is I may never see you again.Because I got very friendly with them and they like me and I like them. But I saved Historically Black Colleges and Universities."
"But why didn't he do it four years ago? Why didn't you do that four years ago? Even less than that. Why didn't you when you vice president? You keep talking about all these things you're going to do, and you're going to do this, but you were there just a short time ago and you guys did nothing."
"You know Joe, I ran because of you. I ran because of Barack Obama, because you did a poor job. If I thought you did a good job, I would've never run. I would've never run. I ran because of you. I'm looking at you now, you're a politician, I ran because of you."
Excuse me-
"If this stuff is true about Russia, Ukraine, China, other countries, Iraq. If this is true, then he's a corrupt politician. So don't give me the stuff about how you're this innocent baby. Joe, that calling you a corrupt politician-"
They're calling it the laptop from hell.
"Excuse me, [crosstalk 00:06:13] the laptop from hell."
"You mean the laptop is now another Russia, Russia, Russia hoax? You got to be kidding me-"
"This is where he's going. The laptop is Russia, Russia, Russia?"
"You have to be kidding, here we go again with the Russia. Boy, oh, boy."
Can't believe that one.
"Well, you have to understand the first time I ever heard of Black Lives Matter, they were chanting, Pigs in a blanket,talking about police, pigs, pigs, talking about our police. Pigs in a blanket, fry them like bacon.I said, That's a horrible thing.And they were marching down the street. And that was my first glimpse of Black Lives Matter, I thought it was a terrible thing. As far as my relationships with all people, I think I have great relationships with all people. I am the least racist person in this room."
"I don't know. I mean, I don't know what to say. I got criminal justice reform done and prison reform and Opportunity Zones-"
" got criminal justice reform done, and prison reform, and Opportunity Zones, I took care of Black colleges and universities, I don't know what to say, they can say anything, I mean, they can say anything. It's a very Makes me sad, because I am the least racist person, I can't even see the audience because it's so dark, but I don't care who's in the audience, I'm the least racist person in this room."
"No, he made a reference to Abraham Lincoln, where did that come in? I mean-"
 where did that.. No.
"I said, Not since Abraham Lincoln has anybody done what I've done for the Black community."
"I didn't say, I'm Abraham Lincoln,I said, Not since Abraham Lincoln has anybody done what I've done for the Black community.Now, you have done nothing other than the Crime Bill, which put-"
"Tens of thousands of Black men, mostly, in jail."
"And you know what? They remember it because if you look at what's happening with the voting right now, they remember that you treated them very, very badly, just take a look at what's happening out there."
"But, why didn't he get it done? See, it's all talk, no action with these politicians, why didn't he get it? That's what I'm going to do when I become president.You were vice president along with Obama as your president, your leader, for eight years, why didn't you get it done? You had eight years to get it done, now you're saying you're going to get it done because you're all talking and no action, Joe."
You didn't get anything done.
You got nothing done.
I just have-
" one question, why didn't you do it in the eight years, a short time ago? Why didn't you do it? You just said, I'm going to do that, I'm going to do this.You put tens of thousands of mostly Black young men in prison, now you're saying you're going to get You're going to undo that, why didn't you get it done? You had eight years with Obama. You know why, Joe? Because you're all talk and no action."
"Well, you got to talk them into it, Joe, sometimes you got to talk them into it."
" like I did with criminal justice reform, I had to talk Democrats into it."
"So, we have the trillion trees program, we have so many different programs, I do love the environment, but what I want is that cleanest crystal clear water, the cleanest air. We have the best lowest number in carbon emissions, which is a big standard that I noticed Obama goes with all the time, not Joe, I haven't heard Joe use the term because I'm not sure he knows what it represents or means, but I have heard Obama use it. And we have the best carbon emission numbers that we've had in 35 years under this administration, we are working so well with industry, but here's what we can't do. Look at China, how filthy it is, look at Russia, look at India, it's filthy, the air is filthy. The [Paris Accord 00:00:13:55], I took us out because we were going to have to spend trillions of dollars and we were treated very unfairly."
"When they put us in there, they did us a great disservice, they were going to take away our businesses. I will not sacrifice tens of millions of jobs, thousands and thousands of companies because of the Paris Accord, it was so unfair. China doesn't kick in until 2030, Russia goes back to a low standard, and we kicked in right away, it would have been It would have destroyed our businesses. So, you ready? We have done an incredible job environmentally, we have the cleanest air, the cleanest water, and the best carbon emission standards that we've seen in many, many years."
And we haven't destroyed our industries.
"They came out and said very strongly $6,500 will be taken away from families under his plan, that his plan is an economic disaster. If you look at what he wants to do, if you look at his plan, his-"
" his environmental plan, do you know developed it? AOC plus three, they know nothing about the climate. I mean, she's got a good line of stuff, but she knows nothing about the climate and they're all hopping through hoops for AOC plus three. Look, their real plan cost a hundred trillion dollars. If we had the best year in the history of our country for a hundred years, we would not even come close to a number like that. When he says buildings, they want to take buildings down because they want to make bigger windows into smaller windows. As far as they're concerned, if you had no window, it would be a lovely thing."
"This is the craziest plan that anybody has ever seen and this wasn't done by smart people. This wasn't done by anybody. Frankly, I don't even know how it can be good politically. They want to spend a hundred trillion dollars. That's their real number. He's trying to say it was six. It's a hundred trillion dollars. They want to knock down buildings and build new buildings with little, tiny, small windows and many other things-"
And many other things. And many other things.
It is crazy.
You'll destroy our country.
Excuse me.
"We are energy independent for first time. We don't need all of these countries that we had to fight war over because we needed their energy. We are energy independent. I know more about wind than you do. It's extremely expensive. Kills all the birds. It's very intermittent. It's got a lot of problems and they happen to make the windmills in both Germany and China and the fumes coming up, if you're a believer in carbon emission, the fumes coming up to make these massive windmills is more than anything that we're talking about with natural gas, which is very clear."
"One other thing, solar-"
"I love solar, but solar doesn't quite have it yet. It's not powerful yet to really run our big, beautiful factories that we need to compete with the world."
"It's all a pipe dream, but you know what we'll do? We're going to have the greatest economy in the world, but if you want to kill the economy, get rid of your oil industry you want. And what about fracking?"
Now we have to ask him about fracking.
You said it on tape.
I'll put it on.
Excuse me. He was against fracking. He said it. I will show that to you tomorrow.
"I am against fracking. Until he got the nomination, he went to Pennsylvania. Then he said, But you know what Pennsylvania?He'll be against it very soon because his party is totally against it."
"The families that we're talking about are employed heavily and they are making a lot of money, more money than they've ever made. If you look at the kind of numbers that we've produced for Hispanic, for Black, for Asian, it's nine times greater the percentage gain than it was under in three years than it was under eight years of the two of them to put it nicely, nine times more."
"Now somebody lives, I have not heard the numbers or the statistics that you're saying, but they're making a tremendous amount of money. Economically, we saved it and I saved it again a number of months ago, when oil was crashing because of the pandemic. We saved it."
"Say what you want to bet relationship. We got Saudi Arabia, Mexico and Russia to cut back, way back. We saved our oil industry and now it's very vibrant again and everybody has very inexpensive gasoline. Remember that."
Would he close down the oil industry?
Would you close dow the oil industry?
"Oh, that's a big statement."
That's a big statement.
"Oh, I see. Okay."
That's a big statement.
Yeah.
"We actually give it to solar and wind. That's maybe the biggest statement. In terms of business, that's the biggest statement."
Because basically what he's saying is-
" he is going to destroy the oil industry. Will you remember that Texas? Will you remember that Pennsylvania, Oklahoma?"
"Remember that Pennsylvania, Oklahoma, is-"
Ohio.
Is he going to get China to do it?
Is he going to get China to do it?
[Crosstalk 00:24:31].
"We have to make our country totally successful, as it was prior to the plague coming in from China. Now we're rebuilding it and we're doing record numbers, 11.4 million jobs in a short period of time, et cetera. But, I will tell you, go back."
"Before the plague came in, just before, I was getting calls from people that were not normally people that would call me. They wanted to get together. We had the best Black unemployment numbers in the history of our country. Hispanic, women, Asian, people with diplomas, with no diplomas, MIT graduates; number one in the class, everybody had the best numbers. And you know what? The other side wanted to get together. They wanted to unify."
"Success is going to bring us together. We are on the road to success. But I'm cutting taxes, and he wants to raise everybody's taxes and he wants to put new regulations on everything. He will kill it. If he gets in, you will have a Depression, the likes of which you've never seen. Your 401(k)s will go to hell, and it'll be a very, very sad day for this country."
